comment_id,create_time,ip_location,note_id,content,user_id,nickname,avatar,sub_comment_count,pictures,parent_comment_id,last_modify_ts,like_count
68c43f880000000030030d9f,1757691785000,福建,68a30732000000001b0351b7,从轩辕剑认识你，借用《Lemom》的一句中译歌词吧，“时至今日你仍是我的光芒”。你要我怎么去看那些喜欢你之后喜欢的明星，他们都有和你一样的眉眼。,6236dbee00000000210252ea,红豆泥,https://sns-avatar-qc.xhscdn.com/avatar/1040g2jo30n5b5g7l5k605ohmrfn8cknapn5n4oo?imageView2/2/w/120/format/jpg,0,,0,1776674665301,40
68a30e53000000003002f605,1755516500000,江苏,68a30732000000001b0351b7,男孩子应该多发这种帅照，女孩子上了一天课一天班本来就很累了，看到这种帅哥就更有动力学习，社会才能进步，国家才会发展,63f584a60000000014012516,Fonnp疯胖棉柔巾洗脸巾,https://sns-avatar-qc.xhscdn.com/avatar/660147c51ad544f70769080e.jpg?imageView2/2/w/120/format/jpg,0,,0,1776674665308,42
68c55548000000000a0090b2,1757762889000,四川,68a30732000000001b0351b7,想把你的每一个动态都看完但是越看越难受,600bc7370000000001005874,不再朦胧,https://sns-avatar-qc.xhscdn.com/avatar/1040g2jo31mih75rrlm605o0bosrg8m3kea2rnng?imageView2/2/w/120/format/jpg,0,http://sns-webpic-qc.xhscdn.com/202604201643/67acb89224fa570d8255fd3909384a0a/comment/1040g2h031mc1tsre6g7g5o0bosrg8m3k05fdito!nd_whgt34_webp_wm_1,0,1776674665336,492
68c6095b000000003000a735,1757808988000,浙江,68a30732000000001b0351b7,哭2天了 是想起你就会哭一场的程度…我甚至都不是你的粉丝  但我真的很为你心痛…告诉我还能为你做点什么？帮帮你…,55ee91c1a75c9514993fe496,吃菜的小白兔,https://sns-avatar-qc.xhscdn.com/avatar/1040g2jo31mfqt77jkq00415ae18s3p4mgfcb7kg?imageView2/2/w/120/format/jpg,0,,0,1776674665342,19
68c35a59000000003001fd3a,1757633113000,湖北,68a30732000000001b0351b7,白真上神，下辈子做一缕清风吧，这世界配不上你[哭惹R],5eac0c9f000000000100404e,林霏🐑,https://sns-avatar-qc.xhscdn.com/avatar/1040g2jo31phrjb5g4a0g5nlc1ifg8g2ee2onnd8?imageView2/2/w/120/format/jpg,0,,0,1776674665369,17
68c5944b00000000020177a7,1757779020000,北京,68a30732000000001b0351b7,泪目了，突然出现在我首页恍惚以为他还活着。。。,59634d735e87e71fee9c19f2,伊吹本才子,https://sns-avatar-qc.xhscdn.com/avatar/1040g2jo31n7bad6f6m0049lnuo6n66fi0c9c5tg?imageView2/2/w/120/format/jpg,0,,0,1776674665374,805
68c55d4f000000003001441a,1757764944000,四川,68a30732000000001b0351b7,做鬼也不要放过他们,64f7129c0000000005000362,青衫忆笙,https://sns-avatar-qc.xhscdn.com/avatar/1040g2jo31o2f9lkc506g5p7n2ae180r22hkl7hg?imageView2/2/w/120/format/jpg,0,,0,1776674665391,975
68a3ce3f0000000030023db6,1755565631000,上海,68a30732000000001b0351b7,应该来的不算太晚吧[吐舌头H],5ff461a0000000000100b414,oooy啦,https://sns-avatar-qc.xhscdn.com/avatar/1040g2jo31k7t32ov2o105nvkc6g09d0ke0nt7ko?imageView2/2/w/120/format/jpg,1,,0,1776674665394,11
68c261110000000030019cf7,1757569298000,内蒙古,68a30732000000001b0351b7,下午了 该起床啦,5f83f635000000000101df8f,Sun,https://sns-avatar-qc.xhscdn.com/avatar/1040g2jo31o2qplngku005ns3uoqgbnsfaj6dv8g?imageView2/2/w/120/format/jpg,2,,0,1776674665397,268
68c6af50000000003000d499,1757851473000,广东,68a30732000000001b0351b7,好可惜，那么温柔善良的一个人，愿天堂无病痛，下辈子做个快乐幸福的人吧[哭惹R][哭惹R][哭惹R][哭惹R][哭惹R][哭惹R][哭惹R][哭惹R][哭惹R][哭惹R][哭惹R][哭惹R][哭惹R][哭惹R][哭惹R][哭惹R],5e57d03a000000000100763a,茉鹿渝^柯🍀,https://sns-avatar-qc.xhscdn.com/avatar/1040g2jo31v2lo9042s005ninq0t08thq940v65g?imageView2/2/w/120/format/jpg,0,,0,1776674665411,8
68c4cf6d00000000300314de,1757728622000,山东,68a30732000000001b0351b7,你的九月呢，十月呢[哭惹R],6799f286000000000a03f607,我是一只鱼🐟,https://sns-avatar-qc.xhscdn.com/avatar/1040g2jo31jngcjqp326g5pspua32ntg7mp71isg?imageView2/2/w/120/format/jpg,2,,0,1776674672717,207
68a30777000000002603fe80,1755514743000,江苏,68a30732000000001b0351b7,我是第一吗 我靠,5bd2f26890fb65000127d0ef,小八碗（安利帅哥版）,https://sns-avatar-qc.xhscdn.com/avatar/1040g2jo31v1r1ud63q004bket1p6hk7fpm1b1fo?imageView2/2/w/120/format/jpg,10,,0,1776674672720,27
68a71356000000003001c982,1755779927000,天津,68a30732000000001b0351b7,不会是8月的唯一一更吧[捂脸R],5de7652000000000010064d8,千变Yo💦,https://sns-avatar-qc.xhscdn.com/avatar/1040g2jo313utqbqfic6g5nf7ckg08p6odnu7bm0?imageView2/2/w/120/format/jpg,6,,0,1776674672726,87
68c442aa000000003002a55f,1757692587000,山东,68a30732000000001b0351b7,如果这种事情都能平息，那这个社会不适合迎接新生命的到来,67989c88000000000a03e123,绵绵,https://sns-avatar-qc.xhscdn.com/avatar/1040g2jo31skp90of5k6g5psoji42no93vi07heo?imageView2/2/w/120/format/jpg,0,,0,1776674672727,10
68c4c210000000000903b775,1757725200000,四川,68a30732000000001b0351b7,突然想到 他的粉丝肯定也有学生吧 特别是住宿生 好不容易放个归宿假 回家却看到的是他的这种消息[哭惹R][哭惹R],6162c3d60000000002021137,SHAQIN_ly,https://sns-avatar-qc.xhscdn.com/avatar/1040g2jo31n78i36kl8605ob2ofb0k49nq0q4bd8?imageView2/2/w/120/format/jpg,0,,0,1776674672728,8
68a30dbe0000000030004746,1755516351000,河北,68a30732000000001b0351b7,捕捉一颗新鲜小于✓,6494372e0000000010035580,胡暮,https://sns-avatar-qc.xhscdn.com/avatar/1040g2jo30n41dl9glc505p4k6sn46lc0dnqfjqo?imageView2/2/w/120/format/jpg,5,,0,1776674672729,1001
68c68b8c000000003000b5cd,1757842316000,广东,68a30732000000001b0351b7,你值得世间一切最美好的东西，明明感觉都要好起来了，为什么会发生这样的事[哭惹R]直到现在还是不愿相信[哭惹R][哭惹R][哭惹R],5df643e200000000010004f1,Rabbit,https://sns-avatar-qc.xhscdn.com/avatar/1040g2jo311mb815gnc6g5nfm8fh0817hh2v9vh0?imageView2/2/w/120/format/jpg,0,,0,1776674672730,4
68c69fb6000000000b02d1f9,1757847478000,广东,68a30732000000001b0351b7,[哭惹R][哭惹R][哭惹R][哭惹R]下辈子不要进娱乐圈了,63bab6c800000000260075f8,茉莉雨,https://sns-avatar-qc.xhscdn.com/avatar/1040g2jo31t3c3c8am8005otqmr49gtfoeddgkj8?imageView2/2/w/120/format/jpg,0,,0,1776674672731,1309
68c664740000000002001653,1757832308000,辽宁,68a30732000000001b0351b7,8月的你还在呢，真讨厌9月，带走了两个完美的男人[哭惹R],5ffeb7ed00000000010038b2,🦈鲨鱼辣椒,https://sns-avatar-qc.xhscdn.com/avatar/1040g2jo31gpfcbvn3q005nvumvmg8e5i8s6i5ao?imageView2/2/w/120/format/jpg,0,,0,1776674672732,8
68c50a7e0000000030027fdb,1757743743000,广东,68a30732000000001b0351b7,回想许多年前 你是我曾经第一个梦见过的艺人 真的好突然……,5ccbc2d00000000016013b77,Jenny.R.,https://sns-avatar-qc.xhscdn.com/avatar/1040g2jo31v3drqh7ia005n6bob85iern1jv5ug8?imageView2/2/w/120/format/jpg,0,,0,1776674672733,3
68c51735000000000b0230d8,1757746997000,四川,68a30732000000001b0351b7,我受不了了谁知道我现在刷到的冲击感[哭惹R]我哭的很大声,5e86f020000000000100b117,漫长的季节,https://sns-avatar-qc.xhscdn.com/avatar/1040g2jo31kqcgr06j0005nk6u0g09c8navaduf8?imageView2/2/w/120/format/jpg,3,,0,1776674680232,80
68c4da0e0000000001002592,1757731343000,山东,68a30732000000001b0351b7,没想到这是你在人间的最后一个8月[哭惹R],5b71a086705597000100cf6e,可乐酸湖。,https://sns-avatar-qc.xhscdn.com/avatar/1040g2jo31sb2n5oq5k004adn9ag8djrej8jc3p8?imageView2/2/w/120/format/jpg,0,,0,1776674680238,4
68c2452c0000000030028c6e,1757562157000,江苏,68a30732000000001b0351b7,出来辟谣[哭惹R][哭惹R][哭惹R],5cc945b7000000001200b32f,PP酱_,https://sns-avatar-qc.xhscdn.com/avatar/1040g2jo31t9snk69ls705n698mrkhcpfg1di698?imageView2/2/w/120/format/jpg,8,,0,1776674680254,318
68a3471e000000002700485a,1755531039000,江西,68a30732000000001b0351b7,[偷笑R][偷笑R]哈哈还换成wb头像了[偷笑R],5f05491500000000010010bd,玖玥玥玥,https://sns-avatar-qc.xhscdn.com/avatar/1040g2jo31hasosr9ju005no594ag845tlopfbm8?imageView2/2/w/120/format/jpg,2,,0,1776674680257,8
68c51926000000003001e22e,1757747494000,湖南,68a30732000000001b0351b7,大数据今天推给了我，希望你好好的[哭惹R],62a2b0e50000000021023d97,大美女,https://sns-avatar-qc.xhscdn.com/avatar/1040g2jo31elhpeh35k505ol2m3iocfcn831mgt8?imageView2/2/w/120/format/jpg,2,,0,1776674680260,23
68a3217300000000260360dd,1755521397000,浙江,68a30732000000001b0351b7,穿搭要显贵，身上基础，头上就不基础,5b6684a4c5fd3c000191b337,好多鱼,https://sns-avatar-qc.xhscdn.com/avatar/1040g2jo31m9udi49mg6g4a9lrp2a9cpnbqhveo0?imageView2/2/w/120/format/jpg,4,http://sns-webpic-qc.xhscdn.com/202604201644/9df971b2fd11abdcc530a3d230508553/comment/1040g2h031lb02gmp5m604a9lrp2a9cpn4946h50!nd_whlt34_webp_wm_1,0,1776674680276,44
68a308370000000030026741,1755514935000,北京,68a30732000000001b0351b7,米其林大厨🐟,5a9cbd7511be1051074690f8,衰衰酱,https://sns-avatar-qc.xhscdn.com/avatar/1040g2jo31ek67vln100g4a33rjunb47orfcrur8?imageView2/2/w/120/format/jpg,2,,0,1776674680278,20
68c3d21b0000000009038180,1757663771000,安徽,68a30732000000001b0351b7,今天各个平台都刷到你[笑哭R],66e24a8c000000001d0329ea,妄拾期,https://sns-avatar-qc.xhscdn.com/avatar/1040g2jo317km06ntju6g5pn29a67eafa6chi7m0?imageView2/2/w/120/format/jpg,7,,0,1776674680281,7
68c49a0c0000000030032cbf,1757714957000,浙江,68a30732000000001b0351b7,看到8月18号他粉丝的评论[哭惹R]真是…一种难过涌上来，世事无常啊[哭惹R]他和她们估计也没想到会这样吧[哭惹R],6660771c00000000030321a2,觅觅安,https://sns-avatar-qc.xhscdn.com/avatar/1040g2jo31v2kpe6h2a605pj0ese0u8d2sc4udpo?imageView2/2/w/120/format/jpg,1,,0,1776674680297,44
68a308f10000000030020869,1755515121000,辽宁,68a30732000000001b0351b7,你好呀，最帅的防尘车间工人🐟。[暗中观察R],5b2882c34eacab3c83251b67,晚上好yu,https://sns-avatar-qc.xhscdn.com/avatar/1040g2jo31u2ggeisn8004a6csf1c66r7dip1s0g?imageView2/2/w/120/format/jpg,1,,0,1776674680300,166
68c3a1d700000000300196fd,1757651415000,广东,68a30732000000001b0351b7,“比他大火的消息传出前先传出的是他的死讯”[哭惹R][哭惹R],608166490000000001000621,今天星期五,https://sns-avatar-qc.xhscdn.com/avatar/1040g2jo31pos0qr8jq005o41cp4g81h1f6q2qeo?imageView2/2/w/120/format/jpg,1,,0,1776674687639,135
68c50a5c000000000101181e,1757743709000,山东,68a30732000000001b0351b7,哥，想你了[哭惹R],65818a09000000001c018b87,承桑千羽,https://sns-avatar-qc.xhscdn.com/avatar/1040g2jo3110g57ge6o605pc1h84n32s71i2l068?imageView2/2/w/120/format/jpg,2,,0,1776674687641,21
68c24574000000000a00f24f,1757562229000,江西,68a30732000000001b0351b7,哥哥你还好吗[哭惹R]我听到了不好的消息不知道是不是真的赶快来看一下[哭惹R][哭惹R],6579474a000000002002e20d,小余总不爱吃鱼,https://sns-avatar-qc.xhscdn.com/avatar/1040g2jo31pd3ehqv2s605pbp8t585ogdebdkesg?imageView2/2/w/120/format/jpg,47,,0,1776674687646,2728
68c59a5e000000003000841b,1757780574000,北京,68a30732000000001b0351b7,这张不好看，回来重新拍,5771e8ea50c4b47f90c99692,麦香鱼园园（探店看展版）,https://sns-avatar-qc.xhscdn.com/avatar/1040g2jo30t8jr1vkk26g48h1fqkel5kij387u60?imageView2/2/w/120/format/jpg,0,,0,1776674687648,1148
696309790000000016025acc,1768098170000,山东,68a30732000000001b0351b7,好想你[哭惹R][哭惹R],6854fe50000000001e000968,🌧,https://sns-avatar-qc.xhscdn.com/avatar/1040g2jo31q6hvqpkngdg5q2kvp87g2b8didq318?imageView2/2/w/120/format/jpg,0,,0,1776674687649,79
691de895000000000601909d,1763567766000,云南,68a30732000000001b0351b7,物是人非啊[哭惹R],62089ee60000000002027662,阿樊啦,https://sns-avatar-qc.xhscdn.com/avatar/1040g2jo31o04ih2bl25g5og8jrj0ktj2ei6nqv8?imageView2/2/w/120/format/jpg,0,,0,1776674687650,0
68f35b110000000038028409,1760779025000,湖南,68a30732000000001b0351b7,永远记得,68f356ae00000000370329dc,miss夏,https://sns-avatar-qc.xhscdn.com/avatar/1040g2jo31tftr4hq586g5q7jaqnduaesbaf8dcg?imageView2/2/w/120/format/jpg,0,,0,1776674687651,0
68c6e1000000000030018a8e,1757864193000,山东,68a30732000000001b0351b7,好想你,6050aabe000000000101c972,Luv My,https://sns-avatar-qc.xhscdn.com/avatar/1040g2jo3157iakao0s005o2glav0bibi7cgmcp0?imageView2/2/w/120/format/jpg,0,,0,1776674687652,46
68c6de3e00000000300069fd,1757863487000,湖北,68a30732000000001b0351b7,想你,65a764a4000000000803c7c6,小红薯65A89C6C,https://sns-avatar-qc.xhscdn.com/avatar/645b807d338379fac18930a8.jpg?imageView2/2/w/120/format/jpg,0,,0,1776674687653,29
68c6dd6500000000300269f0,1757863269000,北京,68a30732000000001b0351b7,[哭惹R][哭惹R][合十R][合十R]走好,67aacf9e000000001703f560,余生练习册,https://sns-avatar-qc.xhscdn.com/avatar/1040g2jo31ndk2cl8mm6g5ptapuf5vtb07c1tbdo?imageView2/2/w/120/format/jpg,0,,0,1776674687654,21
68c6dcd2000000000b025b3d,1757863122000,吉林,68a30732000000001b0351b7,胧儿晚安,68513325000000001d016ca9,momo,https://sns-avatar-qc.xhscdn.com/avatar/645b806f731e07eb8ca3d845.jpg?imageView2/2/w/120/format/jpg,0,,0,1776674695032,33
68c6dc070000000030021adb,1757862920000,安徽,68a30732000000001b0351b7,真的好难过啊[哭惹R][哭惹R][哭惹R],611d3184000000000101cd6c,烟雨蒙蒙,https://sns-avatar-qc.xhscdn.com/avatar/1000g2jo2ksmdq8gii06g5o8t6620bjbc2ls72pg?imageView2/2/w/120/format/jpg,0,,0,1776674695037,25
68c6da6a0000000009038183,1757862507000,江西,68a30732000000001b0351b7,好心痛，那九月呢[哭惹R]我的生日在九月，而九月从此变得潮湿,5c64e28f000000001202ae67,戚许,https://sns-avatar-qc.xhscdn.com/avatar/1040g2jo31og6bim6lm005n34sa7klbj7en1vnjg?imageView2/2/w/120/format/jpg,0,,0,1776674695052,47
68c6d7af000000003001ab97,1757861808000,四川,68a30732000000001b0351b7,我们下辈子见好吗，你一定要幸福，我即使见不到你，你一定会幸福的。,5cf4fb6400000000100355c4,西西子のち,https://sns-avatar-qc.xhscdn.com/avatar/1040g2jo31uc3htlvhu6g5n7kvdi46le4j96fr0g?imageView2/2/w/120/format/jpg,0,,0,1776674695059,37
68c6d7860000000030024cc0,1757861766000,江苏,68a30732000000001b0351b7,9月的……[哭惹R],63d88fa40000000026005ad6,薄尾桂卷^,https://sns-avatar-qc.xhscdn.com/avatar/1040g2jo31t35fge1lm605ouohui9gmmm6s3tlio?imageView2/2/w/120/format/jpg,0,,0,1776674695076,14
68c6d40000000000010102c2,1757860864000,贵州,68a30732000000001b0351b7,啊…怎么在这个时候刷到,5f55cb8e000000000100b742,momo,https://sns-avatar-qc.xhscdn.com/avatar/1040g2jo3147unk4c546g5nqlpe709dq2m8js0a0?imageView2/2/w/120/format/jpg,0,,0,1776674695078,9
68c6d2f70000000030004c6e,1757860599000,广东,68a30732000000001b0351b7,[哭惹R][哭惹R][哭惹R],646450d7000000002a008189,一只想创si这个世界的咸鱼,https://sns-avatar-qc.xhscdn.com/avatar/1040g2jo316ficg9jgo6g5p34a3bqh0c9pvkir0o?imageView2/2/w/120/format/jpg,0,,0,1776674695079,6
68c6d2a4000000000903b9a7,1757860516000,江苏,68a30732000000001b0351b7,一定会真相大白的，我们9年前就见过这招了，现在我们已经不是孩子了。,5a94465911be1051d5a79982,柯水瓶子,https://sns-avatar-qc.xhscdn.com/avatar/1040g2jo311ug6p242m104a2qi935j6c2qfisq9g?imageView2/2/w/120/format/jpg,0,,0,1776674695081,121
68c6d28700000000010107fb,1757860487000,广东,68a30732000000001b0351b7,现在才关注你，可是太迟了，你不会在更新内容了，这几天心好痛[哭惹R],5a1541d611be10685ec1f77e,Momo💤,https://sns-avatar-qc.xhscdn.com/avatar/1040g2jo3130gdb3an60049vp400tdtruba4ihuo?imageView2/2/w/120/format/jpg,0,,0,1776674695082,27
68c6d2840000000030009588,1757860485000,广东,68a30732000000001b0351b7,美貌从来不是错啊 晚安好梦[哭惹R],62c578f500000000020020dc,momo,https://sns-avatar-qc.xhscdn.com/avatar/1040g2jo318k2ubd40o6g5om5f3qgg86su7f9gvg?imageView2/2/w/120/format/jpg,0,,0,1776674695101,24
68c6d2720000000030029c31,1757860466000,重庆,68a30732000000001b0351b7,太心痛了[哭惹R][哭惹R][哭惹R][哭惹R][哭惹R][哭惹R],5eae260e0000000001001ced,橘子橙,https://sns-avatar-qc.xhscdn.com/avatar/1040g2jo31ltogvktlu005nle4o70877d01jjang?imageView2/2/w/120/format/jpg,0,,0,1776674702458,10
68c6d152000000003001083f,1757860179000,湖北,68a30732000000001b0351b7,正义终将会到来[哭惹R],6252c256000000001000d74a,脑袋困掉了steve,https://sns-avatar-qc.xhscdn.com/avatar/1040g2jo30t1lj75n426g5oiio9b41lqac3d56g8?imageView2/2/w/120/format/jpg,1,,0,1776674702464,69
68c6d138000000003001b7d5,1757860153000,湖北,68a30732000000001b0351b7,一路走好[哭惹R],6252c256000000001000d74a,脑袋困掉了steve,https://sns-avatar-qc.xhscdn.com/avatar/1040g2jo30t1lj75n426g5oiio9b41lqac3d56g8?imageView2/2/w/120/format/jpg,0,,0,1776674702482,9
68c6d13000000000300057b1,1757860145000,湖北,68a30732000000001b0351b7,等你回来[哭惹R],6252c256000000001000d74a,脑袋困掉了steve,https://sns-avatar-qc.xhscdn.com/avatar/1040g2jo30t1lj75n426g5oiio9b41lqac3d56g8?imageView2/2/w/120/format/jpg,0,,0,1776674702487,8
68c6cee3000000000a00f466,1757859556000,重庆,68a30732000000001b0351b7,好心痛，下辈子一定会快乐幸福的,5ca556520000000011019a40,夏季虫虫嘎木,https://sns-avatar-qc.xhscdn.com/avatar/1040g2jo31db5dl70gk6g5n55ap94b6i0efthjo8?imageView2/2/w/120/format/jpg,0,,0,1776674702511,13
68c6cce30000000001003b07,1757859043000,辽宁,68a30732000000001b0351b7,走好，,5d06ea590000000011004df3,布丁想你,https://sns-avatar-qc.xhscdn.com/avatar/1040g2jo31uvknr3v2a505n86t9ck8jfj3cpevso?imageView2/2/w/120/format/jpg,0,,0,1776674702514,1
68c6cbb5000000003001a712,1757858742000,河南,68a30732000000001b0351b7,晚安啦朦胧,6054592b000000000100b04d,兔子抱紧胡萝卜🥕,https://sns-avatar-qc.xhscdn.com/avatar/1040g2jo31p5aglc9i66g5o2kb4lg9c2dj9ko030?imageView2/2/w/120/format/jpg,0,,0,1776674702517,3
68c6caf6000000003001f8ae,1757858550000,吉林,68a30732000000001b0351b7,我还没等看你的话剧你就…为什么要这样对你啊😭,5eed88ff000000000100653f,美嘉手作.延吉,https://sns-avatar-qc.xhscdn.com/avatar/1040g2jo31u7j5nt6ia005nndh3vg8p9vvvqbf90?imageView2/2/w/120/format/jpg,0,,0,1776674702531,6
68c6cae40000000030016b2f,1757858533000,山西,68a30732000000001b0351b7,你温柔待人，为什么世界没有对你温柔以待，终究还是zb下世道太黑暗…,65619f62000000001103ed9b,墨染,https://sns-avatar-qc.xhscdn.com/avatar/1040g2jo31g8le7fn16dg5pb1jth4frcred0bpao?imageView2/2/w/120/format/jpg,0,,0,1776674702534,20
68c6c98e0000000002000054,1757858190000,广东,68a30732000000001b0351b7,朦胧[哭惹R],61192414000000002002bcd8,薛鱼念0717（内场第2排和薛比心版）,https://sns-avatar-qc.xhscdn.com/avatar/1040g2jo31qebukhb7o6g5o8p4ga85f6oqu9ao48?imageView2/2/w/120/format/jpg,0,,0,1776674702538,4
68c6c7d5000000000b01ccc8,1757857750000,山东,68a30732000000001b0351b7,伤心了好多天，虽然非粉但是太难过了，刷到就经常哭,5c63fd980000000012033275,小馨馨biubiu,https://sns-avatar-qc.xhscdn.com/avatar/5f807af098a097000127b547.jpg?imageView2/2/w/120/format/jpg,0,,0,1776674709874,21
68c6c76e000000003000a416,1757857646000,马来西亚,68a30732000000001b0351b7,老公最帅最帅[哭惹R][哭惹R][哭惹R][哭惹R],600febaa000000000101ebc8,咔咪松松,https://sns-avatar-qc.xhscdn.com/avatar/1040g2jo31nf5s08p4q105o0ftel0bqu8hdmdj00?imageView2/2/w/120/format/jpg,0,,0,1776674709876,4
68c6c5e5000000000b02fe64,1757857254000,浙江,68a30732000000001b0351b7,再见[哭惹R],64537b21000000001002ab47,信函.T^T,https://sns-avatar-qc.xhscdn.com/avatar/1040g2jo31u4userh2i005p2jfcgk5aq7gdbad6g?imageView2/2/w/120/format/jpg,0,,0,1776674709882,1
68c6c53f000000000b022c2b,1757857087000,广东,68a30732000000001b0351b7,为什么就不在家里呢…,60e6d2f7000000000101f4d8,白泽,https://sns-avatar-qc.xhscdn.com/avatar/1040g2jo316ph90pl3qc05o76qbrgbt6o45mkq6o?imageView2/2/w/120/format/jpg,0,,0,1776674709883,2
68c6c4e000000000010108d3,1757856993000,四川,68a30732000000001b0351b7,真是意难平～这么好，这么可爱，这么干净的男孩子～,619256ba0000000010007b5b,路油,https://sns-avatar-qc.xhscdn.com/avatar/1040g2jo31hap0i96ji005ociaqt40uqr0ls4jo8?imageView2/2/w/120/format/jpg,0,,0,1776674709884,555
68c6c3430000000030024fcb,1757856579000,四川,68a30732000000001b0351b7,可以回来吗，等你,5d3ed79d000000001003f880,luna 很Okk,https://sns-avatar-qc.xhscdn.com/avatar/1040g2jo31v0qhu0oia005n9uquek7u40lkh7d7g?imageView2/2/w/120/format/jpg,0,,0,1776674709885,4
68c6c14a000000003001ce87,1757856075000,山东,68a30732000000001b0351b7,朦胧啊那就晚安啦[哭惹R],608f856700000000010073bb,6180,https://sns-avatar-qc.xhscdn.com/avatar/1040g2jo31pbr8b1tig6g5o4fgljg8strifd9r1g?imageView2/2/w/120/format/jpg,0,,0,1776674709886,1
68c6c058000000000b01dfce,1757855833000,中国香港,68a30732000000001b0351b7,哥哥等你回来[哭惹R],5a801211e8ac2b0e7b6e85ff,猫猫苹果派,https://sns-avatar-qc.xhscdn.com/avatar/1040g2jo31rnmagms2s004a1d9c9131fvg0tt8qo?imageView2/2/w/120/format/jpg,1,,0,1776674709887,25
68c6bdd400000000300110f7,1757855189000,贵州,68a30732000000001b0351b7,不看微博的我，从此喜欢点开微博了，我一定要帮我小时候的神出一点力[生气R],64945bba000000001001fe87,牧屿,https://sns-avatar-qc.xhscdn.com/avatar/1000g2jo2ovfq1eajq06g5p4kbet43vk7clfucng?imageView2/2/w/120/format/jpg,0,,0,1776674709888,600
68c6bd4f000000000a009af9,1757855055000,广东,68a30732000000001b0351b7,人民会帮你🇨🇳,5b98efbc68374800010fd1f4,最近舒适区,https://sns-avatar-qc.xhscdn.com/avatar/1040g2jo31to846g5n2004aukmqnrpkfk05bkqpo?imageView2/2/w/120/format/jpg,0,,0,1776674709889,10
68c6ba450000000001002326,1757854278000,广东,68a30732000000001b0351b7,好难过，真希望不是真的,59b52a9b50c4b424dfa367a9,晚风有点晚,https://sns-avatar-qc.xhscdn.com/avatar/1040g2jo31tpfqhld6u6g49piaul9mpt9mm8kpqg?imageView2/2/w/120/format/jpg,0,,0,1776674717296,2
68c6b398000000000b02f603,1757852568000,陕西,68a30732000000001b0351b7,再也看不到了[哭惹R],6565516c000000003c01dc5a,筼云y,https://sns-avatar-qc.xhscdn.com/avatar/1040g2jo31t5j2cd85s505pb5a5mf3n2qj2fpud8?imageView2/2/w/120/format/jpg,0,,0,1776674717298,2
68c6b2f00000000030026e67,1757852400000,安徽,68a30732000000001b0351b7,希望你可以回来啊[哭惹R],5e64457e0000000001005d79,星梦,https://sns-avatar-qc.xhscdn.com/avatar/1040g2jo31onb9lulg6605nj48lv08nbpmjj1t38?imageView2/2/w/120/format/jpg,0,,0,1776674717304,6
68c6b1c8000000000b01fb24,1757852104000,天津,68a30732000000001b0351b7,你能不能回来！,5f09dbd30000000001003bb1,肖兔子,https://sns-avatar-qc.xhscdn.com/avatar/5fbcd89289f01e0001e1db24.jpg?imageView2/2/w/120/format/jpg,0,,0,1776674717305,2
68c6b1580000000030011483,1757851992000,辽宁,68a30732000000001b0351b7,朦胧[哭惹R]一搜话题出来的就是你[哭惹R]晚安朦胧,649cd1c4000000000b017f71,摆烂鱼,https://sns-avatar-qc.xhscdn.com/avatar/1040g2jo31f6ssq6f6q6g5p4sq722qvrhi72op1o?imageView2/2/w/120/format/jpg,0,,0,1776674717307,1
68c6b0f0000000003000fe9b,1757851889000,山东,68a30732000000001b0351b7,哥哥好喜欢你[哭惹R][哭惹R],5f7c4c2d0000000001009341,小红薯68CD2F81,https://sns-avatar-qc.xhscdn.com/avatar/645b7f257b3e7e60e53504de.jpg?imageView2/2/w/120/format/jpg,0,,0,1776674717308,1
68c6b0bc0000000002002635,1757851836000,广东,68a30732000000001b0351b7,痛 真的太心痛了[哭惹R],592b558c5e87e74d3669f306,寒汐不吃肉,https://sns-avatar-qc.xhscdn.com/avatar/1040g2jo31v0nglfu2q0049hm5gaopso62i9itv0?imageView2/2/w/120/format/jpg,0,,0,1776674717309,2
68c6af2b000000003000cb02,1757851436000,广东,68a30732000000001b0351b7,好想你,6770209e000000001801f907,嫋嫋,https://sns-avatar-qc.xhscdn.com/avatar/1040g2jo31qq29masn0005prg42f63u871f2bgm8?imageView2/2/w/120/format/jpg,0,,0,1776674717310,1
68c6ab71000000003002ab42,1757850481000,广东,68a30732000000001b0351b7,祝好,5c592703000000001200430b,林林,https://sns-avatar-qc.xhscdn.com/avatar/1040g2jo31k7qjcvpj45g5n2p4s1kggobeffp6eg?imageView2/2/w/120/format/jpg,0,,0,1776674717321,2
68c6aa130000000030010429,1757850131000,湖南,68a30732000000001b0351b7,你给我回来！,5993d0b682ec3949fd8fbf1e,一朵知子花,https://sns-avatar-qc.xhscdn.com/avatar/1040g2jo31ucr65ud1m2049o3kr8bdfouiafq8o8?imageView2/2/w/120/format/jpg,0,,0,1776674717323,3
68c6a9170000000030004c81,1757849880000,广东,68a30732000000001b0351b7,好心痛啊，太突然了吧[哭惹R][哭惹R][哭惹R][哭惹R][哭惹R][哭惹R][哭惹R],5e57d03a000000000100763a,茉鹿渝^柯🍀,https://sns-avatar-qc.xhscdn.com/avatar/1040g2jo31v2lo9042s005ninq0t08thq940v65g?imageView2/2/w/120/format/jpg,0,,0,1776674724670,5
68c6a60500000000020149e9,1757849094000,江苏,68a30732000000001b0351b7,我们该怎么释怀呢😔始终不相信你就这么离开了,65e7f0db000000000500a97e,好渴,https://sns-avatar-qc.xhscdn.com/avatar/1040g2jo31o66ks766g0g5pf7u3dh9abu5r7r6j0?imageView2/2/w/120/format/jpg,0,,0,1776674724676,2
68c6a53c000000003000d7d9,1757848893000,江西,68a30732000000001b0351b7,[哭惹R][哭惹R]回来吧,687066eb000000000d03ffb8,小红薯6870735C,https://sns-avatar-qc.xhscdn.com/avatar/1040g2jo31ml4esg44udg5q3gcrljfvtoplblrl8?imageView2/2/w/120/format/jpg,0,,0,1776674724692,0
68c6a31b000000000b01f0a3,1757848347000,上海,68a30732000000001b0351b7,晚安,67387281000000001c01b5eb,羊来信,https://sns-avatar-qc.xhscdn.com/avatar/1040g2jo31v3f8da33q0g5ppoea0n3dfb949afn8?imageView2/2/w/120/format/jpg,0,,0,1776674724697,0
68c6a318000000000902b6cf,1757848345000,上海,68a30732000000001b0351b7,怎么了？,6636e4e8000000000700725f,该账号已注销,https://sns-avatar-qc.xhscdn.com/avatar/1040g2jo31ikon23bge005phmsjk1osiv517ml6g?imageView2/2/w/120/format/jpg,1,,0,1776674724725,2
68c6a2e9000000003001aa64,1757848298000,中国台湾,68a30732000000001b0351b7,願安息！,628c72b60000000021027f25,貓無邪,https://sns-avatar-qc.xhscdn.com/avatar/63e1908354a2fe3460a2e0d5.jpg?imageView2/2/w/120/format/jpg,0,,0,1776674724732,2
68c69e0e000000000b015cfd,1757847055000,河南,68a30732000000001b0351b7,哥，你回来好吗，我的心真的好痛,613dd0540000000002018d3d,悸姩瑾（流量回家）,https://sns-avatar-qc.xhscdn.com/avatar/1040g2jo31tm3bqf2n8d05o9tq1a0j39tbnn356o?imageView2/2/w/120/format/jpg,0,,0,1776674724748,4
68c69bc1000000000a009b63,1757846466000,湖南,68a30732000000001b0351b7,我可以当你又被雪藏了吗[哭惹R]会回归的吧[哭惹R],63538309000000001801d545,蟹煲煲,https://sns-avatar-qc.xhscdn.com/avatar/1040g2jo31cfjj906gk5g5oqjgc4m3la5ictg2eo?imageView2/2/w/120/format/jpg,0,,0,1776674724750,7
68c6989b000000003001f93f,1757845660000,吉林,68a30732000000001b0351b7,有点子心疼朦胧[哭惹R][哭惹R],5f1a3a67000000000100053c,郎小姐（小号）,https://sns-avatar-qc.xhscdn.com/avatar/1040g2jo31icqa2ppgc6g5noq79jg819silbcc9o?imageView2/2/w/120/format/jpg,0,,0,1776674724753,3
68c697fb000000000b027360,1757845500000,北京,68a30732000000001b0351b7,8月的什么，9月份我就当你被雪藏了，10月份该回归了哦,5fa155750000000001003c1f,张张,https://sns-avatar-qc.xhscdn.com/avatar/5fa15683da07540001de4ba7.jpg?imageView2/2/w/120/format/jpg,0,,0,1776674724755,690
68c696a70000000030018c68,1757845159000,安徽,68a30732000000001b0351b7,[哭惹R],6788876f000000000801ddbc,用户已注销,https://sns-avatar-qc.xhscdn.com/avatar/645b80521e6a57c3bdb8f301.jpg?imageView2/2/w/120/format/jpg,0,,0,1776674732083,0
68c6958a000000000b0257c1,1757844874000,江西,68a30732000000001b0351b7,非粉也心痛[哭惹R],619a178f000000002102709a,掌心回忆🍀,https://sns-avatar-qc.xhscdn.com/avatar/1040g2jo31e1vvkqm0u5g5ocq2u7ocs4qucsmd38?imageView2/2/w/120/format/jpg,0,,0,1776674732087,3
68c694d9000000000b0278db,1757844697000,江苏,68a30732000000001b0351b7,我的天[哭惹R],67e9c025000000000d008a54,小椰,https://sns-avatar-qc.xhscdn.com/avatar/1040g2jo31tsq97jjnq005pv9o0ij92ikp3rees8?imageView2/2/w/120/format/jpg,0,,0,1776674732095,1
68c69466000000003000ce16,1757844582000,江西,68a30732000000001b0351b7,晚安,66b062a1000000001d020ec7,懒猫猫,https://sns-avatar-qc.xhscdn.com/avatar/1040g2jo31ocl4tjuks005plgcagnc3m74apdd10?imageView2/2/w/120/format/jpg,0,,0,1776674732098,0
68c68f560000000009028fbb,1757843286000,广东,68a30732000000001b0351b7,晚安,62d2cdd9000000000303e794,Cecilia（露芜衣全肯定）,https://sns-avatar-qc.xhscdn.com/avatar/1040g2jo31v2eadcaig6g5omipncgvpskrvpqglg?imageView2/2/w/120/format/jpg,0,,0,1776674732100,0
68c68c110000000030017c89,1757842449000,广东,68a30732000000001b0351b7,朦胧下辈子你要更好更幸福,5a869351e8ac2b33944403fd,布偶猫咪,https://sns-avatar-qc.xhscdn.com/avatar/1040g2jo31mr8m2e24s004a1g9u9l20vtvnub7ko?imageView2/2/w/120/format/jpg,0,,0,1776674732101,10
68c68bc8000000000b01e2ec,1757842377000,四川,68a30732000000001b0351b7,8月的噩耗,605d35e00000000001008323,momooo,https://sns-avatar-qc.xhscdn.com/avatar/1040g2jo312ub2fthlu6g5o2t6ng090p3vb8vmfo?imageView2/2/w/120/format/jpg,0,,0,1776674732109,4
68c68aa4000000003001b3dc,1757842084000,黑龙江,68a30732000000001b0351b7,你真的好漂亮[哭惹R],5bc958f50713f8000151d3f7,晴空一鹤排云上,https://sns-avatar-qc.xhscdn.com/avatar/1040g2jo315aka9ha0o4g4bh251cfbkvn4nkeghg?imageView2/2/w/120/format/jpg,0,,0,1776674732111,4
68c688df000000003002e78a,1757841632000,江苏,68a30732000000001b0351b7,哥哥，晚安,6157fcd3000000001f03a219,次次-YTCC,https://sns-avatar-qc.xhscdn.com/avatar/1040g2jo31cqd1b2pgs005oanvj9nv8gpao8emb8?imageView2/2/w/120/format/jpg,0,,0,1776674732112,1
68c68682000000000a0092cf,1757841027000,河南,68a30732000000001b0351b7,晚安[哭惹R],66714fe5000000000303169d,天天开心奥,https://sns-avatar-qc.xhscdn.com/avatar/1040g2jo31oblp01k5m605pjh9vigu5kt63kgs70?imageView2/2/w/120/format/jpg,0,,0,1776674732113,1
68c6866c00000000010139ca,1757841005000,吉林,68a30732000000001b0351b7,晚安,60d0a8e60000000001008543,五路拖拉司机,https://sns-avatar-qc.xhscdn.com/avatar/1040g2jo31mqpe4cnli5g5o6gl3j091a326pgabg?imageView2/2/w/120/format/jpg,0,,0,1776674739423,1
68c683ab000000000902b6ac,1757840299000,湖南,68a30732000000001b0351b7,我都来不及喜欢上你了[泪崩R],62e26ce6000000001e01c60d,。。。,https://sns-avatar-qc.xhscdn.com/avatar/1040g2jo31e4ame6c0k605on2djj7jhgd8nbpia8?imageView2/2/w/120/format/jpg,0,,0,1776674739425,4
68c6837b000000000b015934,1757840251000,湖南,68a30732000000001b0351b7,好想你[泪崩R],62e26ce6000000001e01c60d,。。。,https://sns-avatar-qc.xhscdn.com/avatar/1040g2jo31e4ame6c0k605on2djj7jhgd8nbpia8?imageView2/2/w/120/format/jpg,0,,0,1776674739430,2
68c68204000000003000b13a,1757839876000,河南,68a30732000000001b0351b7,[哭惹R][哭惹R][哭惹R][哭惹R]哥,618e42cf0000000010006c0e,u.,https://sns-avatar-qc.xhscdn.com/avatar/1040g2jo31ljodjmr4q5g5oce8b7k0r0eektpn6o?imageView2/2/w/120/format/jpg,0,,0,1776674739431,1
68c681bb0000000030005adc,1757839804000,四川,68a30732000000001b0351b7,晚安，于老师💐💐💐,65d01ca8000000000503353f,Yuer.魚儿叻,https://sns-avatar-qc.xhscdn.com/avatar/1040g2jo31t3l7icclc6g5peg3ik1ed9v0hobk2g?imageView2/2/w/120/format/jpg,0,,0,1776674739433,3
68c68049000000000a00e390,1757839433000,湖南,68a30732000000001b0351b7,宝贝，你永远在我心中,5db580690000000001007c0f,🦋,https://sns-avatar-qc.xhscdn.com/avatar/1040g2jo31m8miaetm8105ndlg1kg8v0fncf54kg?imageView2/2/w/120/format/jpg,0,,0,1776674739433,2
68c67e34000000003001dce3,1757838901000,陕西,68a30732000000001b0351b7,晚安于老师，虽然我不是你的粉丝，但是还是祝愿你来世过的好一些,648d35eb00000000100350df,沈白Camellia,https://sns-avatar-qc.xhscdn.com/avatar/1040g2jo30qma81dn0m6g5p4d6nlk6k6vdqt19l0?imageView2/2/w/120/format/jpg,0,,0,1776674739434,2
68c67c9e000000003002df64,1757838494000,江苏,68a30732000000001b0351b7,晚安于老师,661ec2940000000007007b14,啦～啦啦啦～,https://sns-avatar-qc.xhscdn.com/avatar/68c30f824986aa360ac632ec.jpg?imageView2/2/w/120/format/jpg,0,,0,1776674739435,0
68c67b2b000000000b02a771,1757838123000,上海,68a30732000000001b0351b7,💐💐💐,6427ba7f000000000b02a255,小egg误予📎,https://sns-avatar-qc.xhscdn.com/avatar/1040g2jo31pofpifskg005p17n9vit8illp5crgg?imageView2/2/w/120/format/jpg,0,,0,1776674739436,0
68c67aed00000000300220c5,1757838062000,辽宁,68a30732000000001b0351b7,呜呜呜呜[哭惹R],63ca0670000000002702b4cb,宝贝,https://sns-avatar-qc.xhscdn.com/avatar/1040g2jo31taivvplm26g5oua0po9td6brop9mn8?imageView2/2/w/120/format/jpg,0,,0,1776674739437,3
68c676770000000030017aab,1757836919000,河南,68a30732000000001b0351b7,胧，我想你了,689144c200000000280129e4,源儿一字萌.,https://sns-avatar-qc.xhscdn.com/avatar/1040g2jo31u8t3vjmj46g5q4h8j1a2af4279i430?imageView2/2/w/120/format/jpg,0,,0,1776674746771,4
68c67618000000000b023b1f,1757836825000,上海,68a30732000000001b0351b7,你能回来吗？我想重新认识你。,614e99100000000002021108,梅林深,https://sns-avatar-qc.xhscdn.com/avatar/63ca012f626cc65abca9082a.jpg?imageView2/2/w/120/format/jpg,0,,0,1776674746777,4
68c67573000000003000c1c7,1757836659000,广西,68a30732000000001b0351b7,晚安,6222b6d10000000002018687,年鹤宁,https://sns-avatar-qc.xhscdn.com/avatar/1040g2jo31j2clk2rgs505oh2mr8gj1k7skrs590?imageView2/2/w/120/format/jpg,0,,0,1776674746792,0
68c674ee000000000b01cc5d,1757836526000,云南,68a30732000000001b0351b7,于老师，晚安,5f7ebfdb00000000010002cc,不是一只Fish,https://sns-avatar-qc.xhscdn.com/avatar/1040g2jo31g5tl5iu20605nrunvdg80mcjirki9o?imageView2/2/w/120/format/jpg,0,,0,1776674746795,2
68c67475000000003001c821,1757836406000,广西,68a30732000000001b0351b7,胧胧你快回来，我们等你回来,60ff9cad0000000001000bd7,花笙,https://sns-avatar-qc.xhscdn.com/avatar/1040g2jo30r1tgdf9hcag5o7vjimg82un2asii7g?imageView2/2/w/120/format/jpg,0,,0,1776674746816,1
68c672e8000000000a008b85,1757836009000,福建,68a30732000000001b0351b7,晚安,6843f7e0000000001d0167ba,你赔我点钱吧,https://sns-avatar-qc.xhscdn.com/avatar/1040g2jo31nqf151558005q23uvg7aptq5ob3c48?imageView2/2/w/120/format/jpg,0,,0,1776674746818,0
68c671160000000030028cc6,1757835543000,广西,68a30732000000001b0351b7,晚安😴,685d07b2000000001b019311,yy,https://sns-avatar-qc.xhscdn.com/avatar/1040g2jo31le64l535o605q2t0up6r4ohmu9cluo?imageView2/2/w/120/format/jpg,0,,0,1776674746821,0
68c66ef2000000000b02e33b,1757834995000,广东,68a30732000000001b0351b7,晚安,6471b800000000001c02989d,别乱叫,https://sns-avatar-qc.xhscdn.com/avatar/1040g2jo31p4414qt2s6g5p3hn007564t7smic4g?imageView2/2/w/120/format/jpg,0,,0,1776674746824,1
68c66ea50000000009028c0c,1757834918000,山东,68a30732000000001b0351b7,晚安,5f34af28000000000101e827,"一Luminary""",https://sns-avatar-qc.xhscdn.com/avatar/1040g2jo31ni0b4feli405npklsk0bq17ab5rav0?imageView2/2/w/120/format/jpg,0,,0,1776674746841,1
68c66e8f000000003002a9d9,1757834896000,天津,68a30732000000001b0351b7,祝你安好 无论你在哪,5941e4226a6a69141d225d11,aloha,https://sns-avatar-qc.xhscdn.com/avatar/1040g2jo31cm804k4106049k6m9i24n8h7hllglg?imageView2/2/w/120/format/jpg,0,,0,1776674746844,0
68c6652a000000003002c3ba,1757832491000,安徽,68a30732000000001b0351b7,我永远记得那个下午，阳光很好，你笑着和我告别，却再也没回来。,5faa28ba000000000101d2c5,momo🍋,https://sns-avatar-qc.xhscdn.com/avatar/1040g2jo31us6thp22a6g5nta52t0bkm58nk80d8?imageView2/2/w/120/format/jpg,0,,0,1776674754206,0
68c6624f0000000030009eaa,1757831760000,广东,68a30732000000001b0351b7,胧胧，希望你能历劫成功回来[哭惹R][哭惹R],65aa9363000000000d01dce6,小椰子.,https://sns-avatar-qc.xhscdn.com/avatar/1040g2jo31s321dmnk2005pdaidhjbn76hpp8uao?imageView2/2/w/120/format/jpg,0,,0,1776674754210,42
68c661d6000000000201539b,1757831638000,广西,68a30732000000001b0351b7,哥哥晚安,636bc2a9000000001f0172a4,闻卿.,https://sns-avatar-qc.xhscdn.com/avatar/1040g2jo31k2mj0ke2o6g5orboaknqsl4oer4tno?imageView2/2/w/120/format/jpg,0,,0,1776674754223,1
68c6608200000000300267fe,1757831298000,上海,68a30732000000001b0351b7,好难过,599909cb82ec396ea880ceb4,彩狸安安,https://sns-avatar-qc.xhscdn.com/avatar/5ca55c6ca7e456000114fa2f.jpg?imageView2/2/w/120/format/jpg,0,,0,1776674754227,0
68c660110000000001000164,1757831185000,山东,68a30732000000001b0351b7,卧槽刷到本人了,62eb1e50000000001f004ed2,清醒梦,https://sns-avatar-qc.xhscdn.com/avatar/1040g2jo31sssshimlk6g5onb3p87ojmiossdh2o?imageView2/2/w/120/format/jpg,0,,0,1776674754239,0
68c65f940000000030026d98,1757831061000,广东,68a30732000000001b0351b7,那九月的呢[哭惹R],669cd04a0000000024021253,󠀀󠀀󠀀󠀀󠀀󠀀,https://sns-avatar-qc.xhscdn.com/avatar/1040g2jo319udldfl72005pksq15944ijjha2b90?imageView2/2/w/120/format/jpg,0,,0,1776674754242,0
68c65ec3000000000902b649,1757830851000,河北,68a30732000000001b0351b7,我会一直记得你的 永远 永远都不会忘记 虽然我不是你的粉丝 但是我能感觉到你是一个很好很好的人,5eb67a98000000000100185a,轩轩爱我,https://sns-avatar-qc.xhscdn.com/avatar/1040g2jo31incognsha005nlmfac0862qnhd8ddg?imageView2/2/w/120/format/jpg,1,,0,1776674754244,279
68c65e900000000030026b1f,1757830800000,云南,68a30732000000001b0351b7,你等的风好像终于来了 可惜 却是托你归去的大风留下的一点波动,5aaa914ce8ac2b51741898f4,阳阳,https://sns-avatar-qc.xhscdn.com/avatar/5bf285be0b4b9c0001031547.jpg?imageView2/2/w/120/format/jpg,0,,0,1776674754246,3
68c65c2b0000000030018e04,1757830188000,上海,68a30732000000001b0351b7,我永远都不会忘记你，这件事会一直刺痛我，直到我的信仰完全崩塌。,6832eed0000000000e01ebd8,月明千里照平沙,https://sns-avatar-qc.xhscdn.com/avatar/1040g2jo31r7rqh9e0m005q1itr83jquo0skkbsg?imageView2/2/w/120/format/jpg,0,,0,1776674754261,50
68c65b9d0000000030020837,1757830046000,安徽,68a30732000000001b0351b7,一别再无归期，从此世间再无你[泪崩R],5faa28ba000000000101d2c5,momo🍋,https://sns-avatar-qc.xhscdn.com/avatar/1040g2jo31us6thp22a6g5nta52t0bkm58nk80d8?imageView2/2/w/120/format/jpg,0,,0,1776674754264,3
68c65abf0000000030028d60,1757829824000,安徽,68a30732000000001b0351b7,"""我们喜欢你是真的，舍不得看你离开也是真的，但是无能为力也是真的""[哭惹R][哭惹R][哭惹R]",5faa28ba000000000101d2c5,momo🍋,https://sns-avatar-qc.xhscdn.com/avatar/1040g2jo31us6thp22a6g5nta52t0bkm58nk80d8?imageView2/2/w/120/format/jpg,0,,0,1776674761611,6
68c65a970000000002014d96,1757829784000,安徽,68a30732000000001b0351b7,我不愿让你一个人[可怜R],64c500be000000000e026730,小宁子（大王扇可定制主页）,https://sns-avatar-qc.xhscdn.com/avatar/1040g2jo31j2tt4ko1a6g5p6502v3kppg34qf328?imageView2/2/w/120/format/jpg,0,,0,1776674761615,1
68c65666000000000a008b06,1757828710000,广东,68a30732000000001b0351b7,胧儿想你了，在异国他乡一定要好好的照顾自己，开开心心的过每一天，饿了就多吃饭，冷了就多添加一点衣服，累了就睡觉呗反正一定要对自己好好的，一定要对自己好一定要爱自己，你给我记住，我们永远爱着你@于朦胧,6767fbf40000000018017492,我会给很多很多糖果🍬给小咪吃yu-,https://sns-avatar-qc.xhscdn.com/avatar/1040g2jo31sjhd3m75k6g5pr7vfq62t4it9560h0?imageView2/2/w/120/format/jpg,0,,0,1776674761626,3
68c655640000000001010eaa,1757828452000,河南,68a30732000000001b0351b7,看来他很喜欢这张照片,5aad0d264eacab0e81b85cda,小红帽,https://sns-avatar-qc.xhscdn.com/avatar/1000g2jo2lsvc2ecim06g4a3m4q6icn6qpo52vq8?imageView2/2/w/120/format/jpg,0,,0,1776674761629,0
68c654b7000000000b0280ce,1757828279000,广东,68a30732000000001b0351b7,大家多了解一下他就会喜欢他。今日之宣，不只为他，也为社会之多不公,5ea6bb4a000000000100b02f,熊二的日常,https://sns-avatar-qc.xhscdn.com/avatar/1040g2jo31uo8i7uu2a005nl6nd509c1fmjhopt8?imageView2/2/w/120/format/jpg,0,,0,1776674761631,490
68c653620000000009029358,1757827938000,浙江,68a30732000000001b0351b7,你出事了才刷到你，才认识你[哭惹R]非粉都不接受的程度,622d91d7000000001000b5dd,Rose,https://sns-avatar-qc.xhscdn.com/avatar/1040g2jo31f8c9hog666g5ohdi7bk1detjirgc70?imageView2/2/w/120/format/jpg,0,,0,1776674761647,3
68c651a7000000003002d7a1,1757827495000,江苏,68a30732000000001b0351b7,一切安好。希望你能听到,64d0e363000000000b004aeb,zzy 做作业,https://sns-avatar-qc.xhscdn.com/avatar/1040g2jo31rng6lgd2m005p6gsdhioinbevjmtbo?imageView2/2/w/120/format/jpg,0,,0,1776674761649,0
68c64ffb00000000300066ce,1757827067000,福建,68a30732000000001b0351b7,玄天使者，归于玄天[哭惹R],617bfad6000000000201f6e3,黎骥✨,https://sns-avatar-qc.xhscdn.com/avatar/1040g2jo31sv3s6au5e6g5obrvbb0jtn324et238?imageView2/2/w/120/format/jpg,0,,0,1776674761651,2
68c64f4a00000000090391c7,1757826891000,陕西,68a30732000000001b0351b7,于朦胧,630d985200000000120035fb,midwinter,https://sns-avatar-qc.xhscdn.com/avatar/1040g2jo31so03o6els505oodj194gdfruf2f580?imageView2/2/w/120/format/jpg,0,,0,1776674761654,2
68c64eb10000000030023b94,1757826737000,广东,68a30732000000001b0351b7,逝者安息🕯️🕯️🕯️,678218ef00000000080142b9,列车员,https://sns-avatar-qc.xhscdn.com/avatar/1040g2jo31cm7kdif0m5g5ps233ni2glpj7j0pe0?imageView2/2/w/120/format/jpg,0,,0,1776674761693,0
68c64e920000000030024247,1757826707000,广东,68a30732000000001b0351b7,我之前还刷到过你[哭惹R],678218ef00000000080142b9,列车员,https://sns-avatar-qc.xhscdn.com/avatar/1040g2jo31cm7kdif0m5g5ps233ni2glpj7j0pe0?imageView2/2/w/120/format/jpg,0,,0,1776674769017,0
68c64c870000000030019dd4,1757826183000,陕西,68a30732000000001b0351b7,于朦胧老师安康,63706592000000002400b195,lvy果橙,https://sns-avatar-qc.xhscdn.com/avatar/1040g2jo31pfjp09b2c605orgcm991cclu6pooco?imageView2/2/w/120/format/jpg,0,,0,1776674769023,0
68c64971000000003000f002,1757825393000,山东,68a30732000000001b0351b7,[哭惹R][哭惹R][哭惹R]你一定还在的对吗？,6027507600000000010001ac,迟续,https://sns-avatar-qc.xhscdn.com/avatar/1040g2jo31ulpggs11u005o17a1r080dc3njb80o?imageView2/2/w/120/format/jpg,0,,0,1776674769038,0
68c645ec000000000902b13b,1757824492000,广东,68a30732000000001b0351b7,[哭惹R],6333d2e4000000002303a842,冷光谱,https://sns-avatar-qc.xhscdn.com/avatar/1040g2jo31q1l79830a605opjqbi8va221urp3fg?imageView2/2/w/120/format/jpg,0,,0,1776674769043,0
68c64591000000000a00f46d,1757824402000,湖北,68a30732000000001b0351b7,晚安[拥抱R],6831b95a000000000601fc1a,zhao,https://sns-avatar-qc.xhscdn.com/avatar/1040g2jo31laq3g3gl8605q1hn5d1jv0q1pn25mo?imageView2/2/w/120/format/jpg,0,,0,1776674769061,0
68c64449000000003000464d,1757824074000,安徽,68a30732000000001b0351b7,四哥啊[哭惹R],61b453b90000000010005457,-17,https://sns-avatar-qc.xhscdn.com/avatar/1040g2jo311riu2f9726g5odkaesk0l2novv33s0?imageView2/2/w/120/format/jpg,0,,0,1776674769064,0
68c6438c000000000a00da81,1757823886000,辽宁,68a30732000000001b0351b7,四哥,6211176c00000000210234ce,球球不是老虎,https://sns-avatar-qc.xhscdn.com/avatar/1040g2jo31blu1u3hgm005ogh2tm8cd6e74tqrmg?imageView2/2/w/120/format/jpg,0,http://sns-webpic-qc.xhscdn.com/202604201645/1396f3a889922ffd77ab9a8d7fbf56de/comment/1040g2h031md9vms9lm005ogh2tm8cd6e25pm6ao!nd_whgt34_webp_wm_1,0,1776674769067,2
68c63eea000000000a00eedf,1757822699000,湖北,68a30732000000001b0351b7,这么干净的小哥哥,5853f7b650c4b401b23938a8,塞壬,https://sns-avatar-qc.xhscdn.com/avatar/5dde2df3c6c5a900011df0e7.jpg?imageView2/2/w/120/format/jpg,0,,0,1776674769084,1
68c63e2d0000000030005851,1757822510000,广东,68a30732000000001b0351b7,想要一个时光机回到过去……,6172bd49000000000201b02b,九万哩,https://sns-avatar-qc.xhscdn.com/avatar/1040g2jo31r36fjp470005obinl4gjc1bl6m6ne0?imageView2/2/w/120/format/jpg,0,,0,1776674769087,0
68c63dc8000000003002d020,1757822408000,安徽,68a30732000000001b0351b7,来世幸福好不好[哭惹R],64358361000000001400d805,小颖要上岸,https://sns-avatar-qc.xhscdn.com/avatar/1040g2jo31v3sknt12gd05p1lgdgl1m05loh51j8?imageView2/2/w/120/format/jpg,0,,0,1776674769090,0
68c63dc0000000003001cd35,1757822400000,安徽,68a30732000000001b0351b7,回来好吗朦胧[哭惹R],64358361000000001400d805,小颖要上岸,https://sns-avatar-qc.xhscdn.com/avatar/1040g2jo31v3sknt12gd05p1lgdgl1m05loh51j8?imageView2/2/w/120/format/jpg,0,,0,1776674776423,1
68c63b850000000030011450,1757821830000,江苏,68a30732000000001b0351b7,朦胧，祝你下辈子幸福快乐安好，你当时该有多痛啊。。。,64b693a200000000140394ab,🥥.,https://sns-avatar-qc.xhscdn.com/avatar/1040g2jo31lc7m35f4q605p5mieh5755bs8kavp8?imageView2/2/w/120/format/jpg,0,,0,1776674776425,5
68c637fc000000003001705c,1757820925000,江苏,68a30732000000001b0351b7,在另一个世界幸福快乐[哭惹R],5fd5fb8b0000000001007a6b,慕言小可儿,https://sns-avatar-qc.xhscdn.com/avatar/1040g2jo310417ebk5q605nulve5g8ujb8mssda8?imageView2/2/w/120/format/jpg,0,,0,1776674776431,1
68c63428000000000a00821f,1757819944000,辽宁,68a30732000000001b0351b7,回来吧[哭惹R],6391aaf6000000001f0182c9,MD-笙,https://sns-avatar-qc.xhscdn.com/avatar/1040g2jo31doer7p10k5g5oshlbr7r0m9e58i7j0?imageView2/2/w/120/format/jpg,0,,0,1776674776432,1
68c6325900000000300194dc,1757819482000,四川,68a30732000000001b0351b7,回来好吗，我想你了,60cad0df000000000101f4d8,辞颜🐧🥔,https://sns-avatar-qc.xhscdn.com/avatar/1040g2jo31p7ukriq2a505o6aq3fgbt6o8q873do?imageView2/2/w/120/format/jpg,0,,0,1776674776433,5
68c62f91000000003002b15e,1757818769000,山东,68a30732000000001b0351b7,没想到账号还在[哭惹R],63889597000000001f018118,猫meme,https://sns-avatar-qc.xhscdn.com/avatar/1040g2jo31j1f8l6chc505os8imbnr08ouch0tfg?imageView2/2/w/120/format/jpg,0,,0,1776674776435,1
68c62e6800000000300206f9,1757818472000,陕西,68a30732000000001b0351b7,好想你回来,65d1f0a90000000005030b88,小红薯65D31386,https://sns-avatar-qc.xhscdn.com/avatar/1040g2jo31lqih3i0l8005pehu2khe2s84b35rv8?imageView2/2/w/120/format/jpg,0,,0,1776674776436,1
68c62d0f0000000030015324,1757818128000,广西,68a30732000000001b0351b7,九月的你能不能回来,60ddc5f2000000000101fea1,阿橘爱困告z,https://sns-avatar-qc.xhscdn.com/avatar/1040g2jo31th5t710l6005o6tonp0bvl13dh3gi0?imageView2/2/w/120/format/jpg,0,,0,1776674776437,0
68c62cf30000000001000664,1757818099000,山东,68a30732000000001b0351b7,[哭惹R],63f6d44c000000000f011a93,向春山🍟（见过莎头版~,https://sns-avatar-qc.xhscdn.com/avatar/1040g2jo319gi93m97g6g5ovmqh63q6kj24k5la8?imageView2/2/w/120/format/jpg,0,,0,1776674776438,0
68c62a3b0000000030032f9e,1757817403000,浙江,68a30732000000001b0351b7,天堂安好,666968770000000007006d9d,iukoi77,https://sns-avatar-qc.xhscdn.com/avatar/1040g2jo31udp74sl2i005pj9d1rhorct5pbub28?imageView2/2/w/120/format/jpg,0,,0,1776674776450,1
68c625a600000000300118fb,1757816231000,江苏,68a30732000000001b0351b7,好想你[哭惹R],5ee736a00000000001005f38,牛牛,https://sns-avatar-qc.xhscdn.com/avatar/1040g2jo31mebsfmrks005nn76qg08npo6ujhr8o?imageView2/2/w/120/format/jpg,0,,0,1776674783784,0
68c6243c000000000b02cda3,1757815869000,广东,68a30732000000001b0351b7,朦胧晚安,5bab59e26b58b7030cead6dd,千千,https://sns-avatar-qc.xhscdn.com/avatar/1040g2jo31ua1bre5iq004b604jcu5lmt7ea51e0?imageView2/2/w/120/format/jpg,0,,0,1776674783790,1
68c6223e0000000001010d85,1757815359000,天津,68a30732000000001b0351b7,你要怎么回家。北京到新疆那么远。,654b9cf800000000060072aa,桃子西瓜巧克力,https://sns-avatar-qc.xhscdn.com/avatar/1040g2jo31obg3ajt586g5pabjjs1gslac8bpaeo?imageView2/2/w/120/format/jpg,0,,0,1776674783800,1
68c621af000000000902b6e5,1757815216000,天津,68a30732000000001b0351b7,为什么偏偏是你呢。我很伤心。,654b9cf800000000060072aa,桃子西瓜巧克力,https://sns-avatar-qc.xhscdn.com/avatar/1040g2jo31obg3ajt586g5pabjjs1gslac8bpaeo?imageView2/2/w/120/format/jpg,0,,0,1776674783803,0
68c62192000000000b01f20d,1757815187000,天津,68a30732000000001b0351b7,怎么会这样呢？我要怎么相信你是自愿的。明明你有那么多牵挂。,654b9cf800000000060072aa,桃子西瓜巧克力,https://sns-avatar-qc.xhscdn.com/avatar/1040g2jo31obg3ajt586g5pabjjs1gslac8bpaeo?imageView2/2/w/120/format/jpg,0,,0,1776674783807,0
68c62126000000000902a620,1757815078000,天津,68a30732000000001b0351b7,好想你。不要哭了。我也在哭。你还好吗?,654b9cf800000000060072aa,桃子西瓜巧克力,https://sns-avatar-qc.xhscdn.com/avatar/1040g2jo31obg3ajt586g5pabjjs1gslac8bpaeo?imageView2/2/w/120/format/jpg,0,,0,1776674783823,1
68c61f440000000009038bb3,1757814597000,广西,68a30732000000001b0351b7,朦胧我好想你[哭惹R],65c02c42000000000d01f1d6,小红薯68D094AE,https://sns-avatar-qc.xhscdn.com/avatar/1040g2jo31mmchkts6m6g5pe05h13bsem1c9p0i8?imageView2/2/w/120/format/jpg,0,,0,1776674783827,2
68c61df40000000030016c86,1757814261000,陕西,68a30732000000001b0351b7,晚安[哭惹R],60193644000000000100bb98,Sunshine,https://sns-avatar-qc.xhscdn.com/avatar/60193644000000000100bb98.jpg?imageView2/2/w/120/format/jpg,0,,0,1776674783830,0
68c61d8c00000000300289c2,1757814156000,江西,68a30732000000001b0351b7,一路走好啊rip🕯️,5ece4bb60000000001006868,Chelsea,https://sns-avatar-qc.xhscdn.com/avatar/1040g2jo31v3hfcg1jq005nme9er08q38fa9tijg?imageView2/2/w/120/format/jpg,0,,0,1776674783847,1
68c61d840000000001001988,1757814148000,广东,68a30732000000001b0351b7,好想你[哭惹R],655713a70000000002028bb1,睡不醒,https://sns-avatar-qc.xhscdn.com/avatar/1040g2jo31rttq6ps2a005pan2ejgl2th9760le8?imageView2/2/w/120/format/jpg,0,,0,1776674783850,0
68c61cdd0000000030009607,1757813982000,江西,68a30732000000001b0351b7,第一次关注的明星，是离开的你！安好！,5f4df66a000000000100ac45,听风🌈,https://sns-avatar-qc.xhscdn.com/avatar/1040g2jo31s0j68jnl2605nqdupl09b25dnol3lo?imageView2/2/w/120/format/jpg,0,,0,1776674791211,0
68c61bde000000000101374e,1757813727000,中国香港,68a30732000000001b0351b7,为什么啊这么好一个人[哭惹R],61f2769d00000000210293d5,嘉人与鹿茸（澳门世界杯有票版）,https://sns-avatar-qc.xhscdn.com/avatar/1040g2jo30v96e2kv5g005ofieqeod4ull081bdo?imageView2/2/w/120/format/jpg,0,,0,1776674791214,0
68c61b2b0000000030015cc7,1757813547000,湖南,68a30732000000001b0351b7,唉😮‍💨,61ce467f000000002102a005,Mellary,https://sns-avatar-qc.xhscdn.com/avatar/1040g2jo31n8rorhn50005oee8pvod805n5bjph0?imageView2/2/w/120/format/jpg,0,,0,1776674791219,1
68c61ad0000000000902969e,1757813457000,重庆,68a30732000000001b0351b7,来世再见吧[玫瑰R][玫瑰R][玫瑰R],60efa3f80000000001002f34,鹿妍~,https://sns-avatar-qc.xhscdn.com/avatar/1040g2jo31pks9s79km605o7fkfs08bpko3ssavg?imageView2/2/w/120/format/jpg,0,,0,1776674791221,1
68c6193c0000000030018a20,1757813052000,山西,68a30732000000001b0351b7,你回来好不好,65398b900000000004008f24,桔子,https://sns-avatar-qc.xhscdn.com/avatar/1040g2jo31so1t2i6le005p9phe8113p4j4gvgdo?imageView2/2/w/120/format/jpg,0,,0,1776674791222,2
68c61606000000000b025ff4,1757812230000,江西,68a30732000000001b0351b7,回家吧,67285442000000001d02c0b9,momo,https://sns-avatar-qc.xhscdn.com/avatar/645b6a2cad8bfdf0d350826b.jpg?imageView2/2/w/120/format/jpg,0,,0,1776674791223,1
68c6137a000000003000e4eb,1757811579000,上海,68a30732000000001b0351b7,好帅,5f5c800c000000000100a8c5,在海牙看书的骑士,https://sns-avatar-qc.xhscdn.com/avatar/1040g2jo31rn3ief126105nqsg0609a65aqp0248?imageView2/2/w/120/format/jpg,0,,0,1776674791224,0
68c61168000000003002911b,1757811049000,广东,68a30732000000001b0351b7,真的好伤心啊[哭惹R]，这不是真的,600e1b5400000000010093c3,碧兰幽梦,https://sns-avatar-qc.xhscdn.com/avatar/1040g2jo31e0rm73sgu705o0e3da094u3mrks2e0?imageView2/2/w/120/format/jpg,0,,0,1776674791225,1
68c61127000000003002d7c2,1757810983000,福建,68a30732000000001b0351b7,,67a9f0e6000000000e02ccdb,🐟momo,https://sns-avatar-qc.xhscdn.com/avatar/1040g2jo31u0qs40d6u6g5pt9u3j3lj6rb5kis2g?imageView2/2/w/120/format/jpg,0,http://sns-webpic-qc.xhscdn.com/202604201646/f51289d77605bba2db7308a1c403963f/comment/1040g2h031md3n4g35i205pt9u3j3lj6rm7m36ig!nd_whlt34_webp_wm_1,0,1776674791226,1
68c609ef0000000030025ff6,1757809136000,山西,68a30732000000001b0351b7,[哭惹R][哭惹R][哭惹R],5b61cd37e8ac2b60cb428f55,ᅠᅠᅠ,https://sns-avatar-qc.xhscdn.com/avatar/1040g2jo3150b9uquhc0g4a82uu6jf3qlpk0tro0?imageView2/2/w/120/format/jpg,0,,0,1776674791227,0
68c60864000000003002c39e,1757808740000,安徽,68a30732000000001b0351b7,会很想你[哭惹R],5f6f2182000000000100b70b,松松,https://sns-avatar-qc.xhscdn.com/avatar/1040g2jo31ecd6jmkgs605nrf46109dobepa3nf8?imageView2/2/w/120/format/jpg,0,,0,1776674798561,0
68c60824000000000100223e,1757808676000,湖北,68a30732000000001b0351b7,朦胧晚安,68a6dd5b0000000019017dbd,118号自转体,https://sns-avatar-qc.xhscdn.com/avatar/1040g2jo31tnjq3q1mu505q56rldmavdt1tugkko?imageView2/2/w/120/format/jpg,0,,0,1776674798567,0
68c5c98f000000000902ad2f,1757792656000,湖南,68a30732000000001b0351b7,非粉已经刷到两遍这个贴了[哭惹R],66a3ccd4000000001d02021e,番了个茄汁（想发就发版）,https://sns-avatar-qc.xhscdn.com/avatar/1040g2jo31ud14julig005pl3pja7c0gu4cr8k5g?imageView2/2/w/120/format/jpg,0,,0,1776674798583,2
68c5c1be00000000300261d5,1757790655000,四川,68a30732000000001b0351b7,愿您能在天堂安好，相信坏人终将绳之以法[哭惹R],6739665b000000001d02c4bc,💓清婉💓,https://sns-avatar-qc.xhscdn.com/avatar/1040g2jo31kobmbv134105pppcpdndh5s085l0a0?imageView2/2/w/120/format/jpg,0,,0,1776674798589,0
68c5c132000000003001ec8a,1757790515000,广东,68a30732000000001b0351b7,安好[玫瑰R],5dd54e09000000000100b71d,晓。,https://sns-avatar-qc.xhscdn.com/avatar/1040g2jo31mmm0248mm4g5nel9o4g9dot74c9kpo?imageView2/2/w/120/format/jpg,0,,0,1776674798608,0
68c5c091000000000902b4df,1757790354000,广东,68a30732000000001b0351b7,[哭惹R],58df531582ec3902bbee8f15,金水涵🌊,https://sns-avatar-qc.xhscdn.com/avatar/63cd83f2f0b58ab2fe18b7a4.jpg?imageView2/2/w/120/format/jpg,0,,0,1776674798610,0
68c5b779000000003002f2d7,1757788025000,安徽,68a30732000000001b0351b7,晚安 朦胧,5eeeef980000000001005439,Stay with me Zan,https://sns-avatar-qc.xhscdn.com/avatar/1040g2jo31ts12q997q005nnetuc08l1p47hhevg?imageView2/2/w/120/format/jpg,0,,0,1776674798613,0
68c5b5970000000002000437,1757787544000,陕西,68a30732000000001b0351b7,此刻我相信有前世今生了，希望你下一世能够平安健康！,5cc0719b000000001100b0f0,困死我了YOlO（见过姚琛版）,https://sns-avatar-qc.xhscdn.com/avatar/1040g2jo30prmk90v6m6g5n60e6dk9c7gvp4u828?imageView2/2/w/120/format/jpg,0,,0,1776674798616,2
68c5b0fa000000003001d7b6,1757786362000,广西,68a30732000000001b0351b7,你快回来然后说这是一场玩笑好不好[哭惹R]怎么办，好难过,68ba90580000000019011246,小红薯68BBD3C8,https://sns-avatar-qc.xhscdn.com/avatar/645b6abf2e368555521befcc.jpg?imageView2/2/w/120/format/jpg,0,,0,1776674798632,4
68c5b079000000000a00a01d,1757786234000,重庆,68a30732000000001b0351b7,漂亮干净不是你的错,6453a358000000000f006776,小懿,https://sns-avatar-qc.xhscdn.com/avatar/1040g2jo31tq7dv6478605p2jkdc3oprm27j0ta0?imageView2/2/w/120/format/jpg,0,,0,1776674798635,517
68c5b05d000000003002d680,1757786206000,新疆,68a30732000000001b0351b7,愿你在那边安好，好希望你快乐………,643bea20000000000d0194e9,跟楚哥抢波波鱼,https://sns-avatar-qc.xhscdn.com/avatar/1040g2jo316ah2v20gu6g5p1rt8g3b579pa87kb0?imageView2/2/w/120/format/jpg,0,,0,1776674805979,4
68c5ab42000000003000e6f8,1757784898000,四川,68a30732000000001b0351b7,见一次鼻子就酸一次，听着你的歌也不能去睡。难过，心痛。,63511d3e000000001901ddfc,゛是小仙女呀丶（搓甲版）,https://sns-avatar-qc.xhscdn.com/avatar/1040g2jo31b4r1k9v7i6g5oqh3kv6bnfsbvkaucg?imageView2/2/w/120/format/jpg,0,,0,1776674805985,2
68c5a85e000000003001badb,1757784159000,广东,68a30732000000001b0351b7,你在那边好吗？希望一切安好[笑哭R],643ba0a6000000001400c0fb,momo,https://sns-avatar-qc.xhscdn.com/avatar/1040g2jo31kq1fgerig705p1rk2j51g7rmgost78?imageView2/2/w/120/format/jpg,0,,0,1776674806002,1
68c5a4a8000000000200068f,1757783208000,广东,68a30732000000001b0351b7,来世幸福,5d242798000000001602942a,水水,https://sns-avatar-qc.xhscdn.com/avatar/1040g2jo313n990p0ic6g5n944uc5l51alv621s8?imageView2/2/w/120/format/jpg,0,,0,1776674806008,0
68c5a2df000000000b029692,1757782752000,河北,68a30732000000001b0351b7,来世幸福,611a1a4500000000010008cf,owo,https://sns-avatar-qc.xhscdn.com/avatar/1040g2jo31qq4tjbsnu605o8q392g826fjh185ag?imageView2/2/w/120/format/jpg,0,,0,1776674806028,0
68c59f46000000000b01eba0,1757781830000,四川,68a30732000000001b0351b7,来世幸福平平安安[皱眉R],611e33870000000001009d86,鱼的记忆.,https://sns-avatar-qc.xhscdn.com/avatar/1040g2jo31ecbm7fngu6g5o8u6e3g97c617e3kb0?imageView2/2/w/120/format/jpg,0,,0,1776674806031,0
68c59c620000000001003e0a,1757781090000,广东,68a30732000000001b0351b7,下辈子  下辈子千万别下凡了[捂脸R],5d30260200000000120046ba,小红薯463EA854,https://sns-avatar-qc.xhscdn.com/avatar/645b806f731e07eb8ca3d845.jpg?imageView2/2/w/120/format/jpg,0,,0,1776674806035,1
68c5989d0000000001000b8c,1757780125000,广东,68a30732000000001b0351b7,@宜璟 @宜璟 [哭惹R],664f51aa000000000700736b,⛄雪妖,https://sns-avatar-qc.xhscdn.com/avatar/1040g2jo31t8qgl5ols605pifa6l1osrbfni5l6o?imageView2/2/w/120/format/jpg,6,,0,1776674806052,6
68c59857000000000100039a,1757780055000,广东,68a30732000000001b0351b7,再发一张吧[哭惹R],664f51aa000000000700736b,⛄雪妖,https://sns-avatar-qc.xhscdn.com/avatar/1040g2jo31t8qgl5ols605pifa6l1osrbfni5l6o?imageView2/2/w/120/format/jpg,0,,0,1776674806055,2
68c5982a000000003000903e,1757780010000,中国香港,68a30732000000001b0351b7,[哭惹R][哭惹R][哭惹R],64d639130000000001004ea9,鱼.🐟,https://sns-avatar-qc.xhscdn.com/avatar/1040g2jo31ut6n25h340g5p6m749g8jl967aern0?imageView2/2/w/120/format/jpg,0,,0,1776674806057,0
68c5978f00000000300307e7,1757779856000,中国香港,68a30732000000001b0351b7,这么完美的一个人[哭惹R][哭惹R][哭惹R][哭惹R][哭惹R][哭惹R][哭惹R][哭惹R][哭惹R][哭惹R][哭惹R][哭惹R][哭惹R][哭惹R][哭惹R][哭惹R],650094bf0000000006031ab9,臭屁猪崽,https://sns-avatar-qc.xhscdn.com/avatar/1040g2jo31ldn0qsi5m0g5p80iivhm6lpr4n1etg?imageView2/2/w/120/format/jpg,0,,0,1776674813379,0
68c596560000000030029d0e,1757779542000,福建,68a30732000000001b0351b7,晚安,6142cf36000000001f03d29a,Solkatt.,https://sns-avatar-qc.xhscdn.com/avatar/1040g2jo31latfpss58505oa2psr7vkkqpg6ob28?imageView2/2/w/120/format/jpg,0,,0,1776674813382,0
68c594ca0000000030017faf,1757779147000,上海,68a30732000000001b0351b7,[哭惹R],57472a7750c4b47bfc8d6bcf,小黑书,https://sns-avatar-qc.xhscdn.com/avatar/1040g2jo31n9jmlpskq0048cn62l7equfh45sro0?imageView2/2/w/120/format/jpg,0,,0,1776674813387,0
68c59313000000003000e8d1,1757778708000,浙江,68a30732000000001b0351b7,刷到了[哭惹R],64762df000000000100369b5,云吃吃（醒⭐）,https://sns-avatar-qc.xhscdn.com/avatar/1040g2jo31s3b2oeul86g5p3m5no46qdldihrdl8?imageView2/2/w/120/format/jpg,0,,0,1776674813389,0
68c59234000000003001a67f,1757778484000,广东,68a30732000000001b0351b7,你还好好的,601cdd840000000001006c3d,Larissa,https://sns-avatar-qc.xhscdn.com/avatar/1040g2jo31jjgtq2a366g5o0srm208r1t9acj8e8?imageView2/2/w/120/format/jpg,0,,0,1776674813390,0
68c590a50000000030017c79,1757778086000,辽宁,68a30732000000001b0351b7,[哭惹R][哭惹R][哭惹R][拥抱R][拥抱R][拥抱R],63da69ea0000000028018c66,大宝的宝,https://sns-avatar-qc.xhscdn.com/avatar/1040g2jo31ufakrh7j66g5ouqd7la33367la56t8?imageView2/2/w/120/format/jpg,0,,0,1776674813392,0
68c58f7f00000000020025f7,1757777791000,黑龙江,68a30732000000001b0351b7,朦胧，希望你永远开开心心的！！我们都十分想念你,5f54755c000000000100520e,秋、,https://sns-avatar-qc.xhscdn.com/avatar/5f54755c000000000100520e.jpg?imageView2/2/w/120/format/jpg,0,,0,1776674813393,2
68c58f5e000000000b01643a,1757777759000,广东,68a30732000000001b0351b7,[哭惹R][哭惹R] 下次见面s s m[哭惹R]是什么时候,6016cdff000000000101fcf7,饭饭壹,https://sns-avatar-qc.xhscdn.com/avatar/1040g2jo31uf8e8ml2o005o0mpnvgbv7njooabe8?imageView2/2/w/120/format/jpg,0,,0,1776674813393,1
68c58d14000000003000a56b,1757777173000,广东,68a30732000000001b0351b7,一路走好,5fba10c4000000000101f64c,琰不是言~,https://sns-avatar-qc.xhscdn.com/avatar/1040g2jo31utbi7aghu6g5ntq2320btic215cv68?imageView2/2/w/120/format/jpg,0,,0,1776674813420,1
68c58ca30000000009039ece,1757777060000,湖南,68a30732000000001b0351b7,哥 你能回来吗[哭惹R],64fc48810000000006031d1a,Fanyu柚.,https://sns-avatar-qc.xhscdn.com/avatar/1040g2jo31str1t8jm2005p7s920hm78q48jqfp8?imageView2/2/w/120/format/jpg,0,,0,1776674813421,1
68c58c35000000003000d029,1757776950000,福建,68a30732000000001b0351b7,那朦胧的雨是你的泪吗。,65df05a1000000000500edf3,怣_忈_,https://sns-avatar-qc.xhscdn.com/avatar/1040g2jo31n8ub10u4u6g5pev0mgh9rfja1ed2j8?imageView2/2/w/120/format/jpg,0,,0,1776674820778,2
68c58b61000000000b01c609,1757776737000,江西,68a30732000000001b0351b7,8月的新鲜快乐男孩👦,5dbbfd74000000000100202a,一杯三分甜,https://sns-avatar-qc.xhscdn.com/avatar/1040g2jo31qk4v1t9006g5ndrvlq0881a1bqqi4o?imageView2/2/w/120/format/jpg,0,,0,1776674820780,4
68c58ab600000000010024a5,1757776566000,广东,68a30732000000001b0351b7,莫名眼泪掉下来了..,6034c3be0000000001001b48,菠萝头好困,https://sns-avatar-qc.xhscdn.com/avatar/1040g2jo31k92e43d32005o1koev086q8ijmcckg?imageView2/2/w/120/format/jpg,0,,0,1776674820786,7
68c58a36000000003000f370,1757776438000,海南,68a30732000000001b0351b7,好伤心，怎么现在看到了,65007579000000000200db6d,yuki,https://sns-avatar-qc.xhscdn.com/avatar/1040g2jo31obpaui1ks005p80elsghmrdum6mb8g?imageView2/2/w/120/format/jpg,0,,0,1776674820789,0
68c589070000000030010aae,1757776135000,英国,68a30732000000001b0351b7,[doge],669b9c66000000002401c6f8,.,https://sns-avatar-qc.xhscdn.com/avatar/1040g2jo31kvcjekt3q6g5pkrjhj93hnou1imgko?imageView2/2/w/120/format/jpg,0,,0,1776674820790,0
68c5889b0000000001000f5b,1757776027000,福建,68a30732000000001b0351b7,晚安💤,61a31c8b000000001000e761,晚风吹行舟,https://sns-avatar-qc.xhscdn.com/avatar/61a31c8b000000001000e761.jpg?imageView2/2/w/120/format/jpg,0,,0,1776674820791,0
68c584430000000030013c0d,1757774916000,重庆,68a30732000000001b0351b7,你不要离开我们,63ce3b54000000002801acd0,ShoChiki,https://sns-avatar-qc.xhscdn.com/avatar/1040g2jo31rii6gn1i2105oue7daa3b6gnenu3ng?imageView2/2/w/120/format/jpg,0,,0,1776674820792,8
68c5841e000000003003237f,1757774879000,福建,68a30732000000001b0351b7,逝者安息[泪崩R],614992340000000002024dcc,kicu芷.（露芜衣全肯定）,https://sns-avatar-qc.xhscdn.com/avatar/1040g2jo31u06skdone0g5oa9i8q0kjeccic3u2g?imageView2/2/w/120/format/jpg,0,,0,1776674820793,0
68c5841e000000000b01c0f9,1757774878000,河南,68a30732000000001b0351b7,在十里桃花之后，好久没有你的消息，明明八月份还在和我的朋友讨论你的十里桃花，再次听到你的消息，却是这种消息，四哥，晚安，下辈子不要再叫朦胧了，晚安，白真上神,62050c15000000000201b47a,月章,https://sns-avatar-qc.xhscdn.com/avatar/1040g2jo31k1gqrduj45g5og51gagjd3q18ha540?imageView2/2/w/120/format/jpg,0,,0,1776674820804,519
68c580ca00000000300270a4,1757774026000,浙江,68a30732000000001b0351b7,你真的好爱发小红书,5f0842ea000000000101d316,那年我们,https://sns-avatar-qc.xhscdn.com/avatar/62849ed14a01f2fdbfdde7eb.jpg?imageView2/2/w/120/format/jpg,0,,0,1776674820805,0
68c5807b00000000300256c7,1757773947000,广东,68a30732000000001b0351b7,愿幸福……,658fc431000000001f013350,星衍予辞,https://sns-avatar-qc.xhscdn.com/avatar/1040g2jo318ghttj5jq605pcfogonqcqgn5ip9ho?imageView2/2/w/120/format/jpg,0,,0,1776674828196,0
68c57f7a0000000002015d8c,1757773690000,上海,68a30732000000001b0351b7,好心酸啊,6485a6420000000010034a12,🍃,https://sns-avatar-qc.xhscdn.com/avatar/1040g2jo31q2k9psiga005p45kp146igi3fb21vo?imageView2/2/w/120/format/jpg,0,,0,1776674828198,0
68c57ef00000000030012b28,1757773553000,安徽,68a30732000000001b0351b7,好心酸第一次认识你 是你去了天堂,6263c55300000000100084cf,莲,https://sns-avatar-qc.xhscdn.com/avatar/1040g2jo30u2vbdv954005oj3ol9k116fph6qmt0?imageView2/2/w/120/format/jpg,0,,0,1776674828205,6
68c57e990000000030028f31,1757773465000,甘肃,68a30732000000001b0351b7,今天第一次刷到四哥xhs[哭惹R][哭惹R][哭惹R],5ca00b7e000000001703c23d,风柠~,https://sns-avatar-qc.xhscdn.com/avatar/1040g2jo31tlgmuss72505n501dv5vghtvrqp3k8?imageView2/2/w/120/format/jpg,0,,0,1776674828207,0
68c57e5b0000000002000c14,1757773404000,贵州,68a30732000000001b0351b7,晚安朦胧,630b3dfd000000001200fd7e,困了💤,https://sns-avatar-qc.xhscdn.com/avatar/1040g2jo31ksa5qnt2u005oob7nukhvbumf2i36g?imageView2/2/w/120/format/jpg,0,,0,1776674828209,0
68c57dcb0000000030027e8c,1757773259000,浙江,68a30732000000001b0351b7,朦胧  愿你在另外个世界安好,68183f9500000000080170fc,小晓很开森QVQ,https://sns-avatar-qc.xhscdn.com/avatar/1040g2jo31t5pi8hj5s6g5q0o7uai2s7s4v78sjg?imageView2/2/w/120/format/jpg,0,,0,1776674828211,0
68c57d990000000030033af3,1757773210000,黑龙江,68a30732000000001b0351b7,胧胧，下辈子要幸福,618762640000000010005423,小猫瞳,https://sns-avatar-qc.xhscdn.com/avatar/1040g2jo31usa5ggd2q5g5oc7c9i40l130jqfpeg?imageView2/2/w/120/format/jpg,0,,0,1776674828223,5
68c57c59000000003003192d,1757772889000,广东,68a30732000000001b0351b7,去了那边记得给粉丝们托梦发日常[哭惹R]看到太多评论区底下的粉丝与路人的暖心评论了[哭惹R]明明不是粉丝，可是也哭了,63d8963d000000002702b5ca,述述,https://sns-avatar-qc.xhscdn.com/avatar/1040g2jo31urtg30q2i605ouoiouptdeaqlnnd90?imageView2/2/w/120/format/jpg,0,,0,1776674828225,3
68c57a91000000000b024718,1757772434000,四川,68a30732000000001b0351b7,哥哥 想你了,5af3ecbbf7e8b93738a75d94,Vansea陈西淳,https://sns-avatar-qc.xhscdn.com/avatar/1040g2jo31nce6dpml8104a56tambmnckhj746kg?imageView2/2/w/120/format/jpg,0,,0,1776674828227,0
68c57a3f000000003001d046,1757772352000,陕西,68a30732000000001b0351b7,希望还你一个公道[哭惹R][哭惹R][哭惹R],65d1f0a90000000005030b88,小红薯65D31386,https://sns-avatar-qc.xhscdn.com/avatar/1040g2jo31lqih3i0l8005pehu2khe2s84b35rv8?imageView2/2/w/120/format/jpg,0,,0,1776674828228,0
68c57a3e0000000030006efe,1757772350000,北京,68a30732000000001b0351b7,来世要幸福[哭惹R][哭惹R],61b46f40000000001000aba8,小红薯61B5798E,https://sns-avatar-qc.xhscdn.com/avatar/411309441983cdc4ce073ff8da73b5b6.jpg?imageView2/2/w/120/format/jpg,0,,0,1776674835535,0
68c5798b0000000030033d66,1757772172000,吉林,68a30732000000001b0351b7,突然想到了一首歌,66bdeed8000000001d0328ed,chole,https://sns-avatar-qc.xhscdn.com/avatar/1040g2jo31e71jldm0k6g5plttrc7ea7dqh0c1eg?imageView2/2/w/120/format/jpg,1,,0,1776674835538,0
68c5757b000000003001d2cd,1757771131000,江苏,68a30732000000001b0351b7,[哭惹R],57ae9b5e82ec396b273fba64,kuio,https://sns-avatar-qc.xhscdn.com/avatar/1040g2jo31fds16o16e0048kvo0dltej4mtse4jg?imageView2/2/w/120/format/jpg,0,,0,1776674835544,0
68c56f46000000003000c46a,1757769543000,浙江,68a30732000000001b0351b7,好心痛啊,58bb57bc5e87e76ef1e47c76,娜娜.2154🍓,https://sns-avatar-qc.xhscdn.com/avatar/1040g2jo31q83k3dtmu00498a8pbrov3mn576h8g?imageView2/2/w/120/format/jpg,0,,0,1776674835545,0
68c56d0d000000003002a397,1757768974000,山东,68a30732000000001b0351b7,永远漂亮！,5a470c78e8ac2b195871840e,爱吃上汤花菜,https://sns-avatar-qc.xhscdn.com/avatar/1040g2jo31tnuva1d7ecg4a0il467h10e4215pl8?imageView2/2/w/120/format/jpg,0,,0,1776674835546,0
68c56c88000000003000fc45,1757768840000,江苏,68a30732000000001b0351b7,朦胧，来世一定一定平安幸福好吗[哭惹R][哭惹R],63dd14d600000000260137c7,Summer不熬夜🍿,https://sns-avatar-qc.xhscdn.com/avatar/1040g2jo31o8me5me506g5out2jb9idu7qvbfamg?imageView2/2/w/120/format/jpg,0,,0,1776674835547,0
68c5693d0000000030027eb8,1757767998000,北京,68a30732000000001b0351b7,平安喜乐，来世安康[哭惹R],64ea097b0000000001012725,你长得那么好看你妈知道吗,https://sns-avatar-qc.xhscdn.com/avatar/1040g2jo31be0hma37e005p7a15tga9p57gponf8?imageView2/2/w/120/format/jpg,0,,0,1776674835548,5
68c568890000000030032c16,1757767818000,广东,68a30732000000001b0351b7,[哭惹R]大家都很想你,5cbaf88300000000110016b0,耶啵啵啵啵啵,https://sns-avatar-qc.xhscdn.com/avatar/608e9c8ac9487b4ef3c45410.jpg?imageView2/2/w/120/format/jpg,0,,0,1776674835549,0
68c568170000000030009845,1757767703000,浙江,68a30732000000001b0351b7,一路走好…,66fe0cf4000000001d030a5c,璨璨大王,https://sns-avatar-qc.xhscdn.com/avatar/1040g2jo31kc2280t2g6g5pnu1jq7e2is1g550j8?imageView2/2/w/120/format/jpg,0,,0,1776674835550,0
68c5623c000000000903a44c,1757766205000,福建,68a30732000000001b0351b7,一路走好[哭惹R],5c3972a70000000005002f06,福建下小雨,https://sns-avatar-qc.xhscdn.com/avatar/1040g2jo31ittdk15h4005n1peajh8bo6krlfpr0?imageView2/2/w/120/format/jpg,0,,0,1776674835551,0
68c55fec000000000b02fcf0,1757765612000,浙江,68a30732000000001b0351b7,于朦胧,65c760f900000000130262dc,🐋,https://sns-avatar-qc.xhscdn.com/avatar/1040g2jo31n2dp43lmm6g5pe7c3sksomsq5hgtko?imageView2/2/w/120/format/jpg,0,,0,1776674842868,0
68c55fe8000000000101033e,1757765608000,浙江,68a30732000000001b0351b7,于朦胧,65c760f900000000130262dc,🐋,https://sns-avatar-qc.xhscdn.com/avatar/1040g2jo31n2dp43lmm6g5pe7c3sksomsq5hgtko?imageView2/2/w/120/format/jpg,0,,0,1776674842870,0
68c55f370000000001002fe9,1757765431000,四川,68a30732000000001b0351b7,要好好的,5ffeec7c0000000001002780,秋野,https://sns-avatar-qc.xhscdn.com/avatar/1040g2jo31dv2ib3d0m605nvuthu089s0slumos8?imageView2/2/w/120/format/jpg,0,,0,1776674842877,0
68c55e5b000000000b0207ae,1757765212000,河北,68a30732000000001b0351b7,觉得他太可惜了[哭惹R],5ccbb1b8000000001200ec81,朱（小刀）,https://sns-avatar-qc.xhscdn.com/avatar/6417cdb4791182156abf5200.jpg?imageView2/2/w/120/format/jpg,0,,0,1776674842879,2
68c55b5d0000000030007014,1757764445000,内蒙古,68a30732000000001b0351b7,这个照片的他，一定活着[哭惹R],68248f9d000000000e01ed2b,Race白,https://sns-avatar-qc.xhscdn.com/avatar/1040g2jo31l6tpmjul0605q14huejjr9bca2a8og?imageView2/2/w/120/format/jpg,0,,0,1776674842881,4
68c559ac000000000b023d98,1757764013000,湖南,68a30732000000001b0351b7,只能祝你下辈子幸福了[玫瑰R][玫瑰R][玫瑰R],5aa0ece74eacab7022d4ba1c,木乂乂,https://sns-avatar-qc.xhscdn.com/avatar/1040g2jo31llb5619li6g4a36i9mefegs3b2kaqo?imageView2/2/w/120/format/jpg,0,,0,1776674842883,0
68c556140000000030012a5f,1757763093000,湖北,68a30732000000001b0351b7,[哭惹R]晚安,657c13d900000000200341d7,安心吖,https://sns-avatar-qc.xhscdn.com/avatar/1040g2jo31mccqkbi4u005pbs2fco6gendgmp9ng?imageView2/2/w/120/format/jpg,0,,0,1776674842895,0
68c555c5000000000b02de14,1757763013000,江西,68a30732000000001b0351b7,于朦胧 一路走好,5efee930000000000101e68c,豫川玫瑰.,https://sns-avatar-qc.xhscdn.com/avatar/1040g2jo31nplogiklm5g5nnut4o0bpkcftjio5o?imageView2/2/w/120/format/jpg,0,,0,1776674842897,0
68c554af0000000030021e33,1757762736000,湖南,68a30732000000001b0351b7,于老师晚安，在那边要幸福啊🙏,64e0bc90000000000101235e,回想Recall（开学失踪人口版）,https://sns-avatar-qc.xhscdn.com/avatar/1040g2jo31t2rl31q5k5g5p70ni80a8qum1f7ne8?imageView2/2/w/120/format/jpg,0,,0,1776674842899,423
68c554650000000030027459,1757762661000,山东,68a30732000000001b0351b7,你说你能不能突然吓我们一跳？等到12月过年的时候给我们发一句，过年好[哭惹R],637c7aaa000000001f01c42d,修真界反骨崽,https://sns-avatar-qc.xhscdn.com/avatar/1040g2jo316jogqc8ha5g5orsfal7rh1d88i1g80?imageView2/2/w/120/format/jpg,0,,0,1776674842901,10
68c553d2000000003001083a,1757762515000,江苏,68a30732000000001b0351b7,一路走好，不是粉丝，但真的还是挺想哭[哭惹R],666064e5000000000b03319c,🆔^妍妍控^简桉予,https://sns-avatar-qc.xhscdn.com/avatar/1040g2jo31uf1gugahm605pj0cjiiuccsid3sj3o?imageView2/2/w/120/format/jpg,0,,0,1776674850236,7
68c552c3000000003002ab8c,1757762243000,上海,68a30732000000001b0351b7,好好休息🕯️,5c3472340000000006021e0f,卡修达,https://sns-avatar-qc.xhscdn.com/avatar/1040g2jo31e4nl6ndgm005n1ke8q1k7gfqhumu4g?imageView2/2/w/120/format/jpg,0,,0,1776674850243,0
68c55222000000000b02a294,1757762082000,四川,68a30732000000001b0351b7,哥，一路走好[哭惹R],64f6cc800000000005002f9a,雨季,https://sns-avatar-qc.xhscdn.com/avatar/1040g2jo31set173elk6g5p7mpi018bsqjtelaag?imageView2/2/w/120/format/jpg,0,,0,1776674850260,1
68c5520e000000003002e360,1757762063000,北京,68a30732000000001b0351b7,希望真相会来，虽然即使来，也肯定会迟了，但希望会来[哭惹R],57bc22bd5e87e76193e20839,璐小司sisi,https://sns-avatar-qc.xhscdn.com/avatar/60a72edaf7a1ff6df7291c45.jpg?imageView2/2/w/120/format/jpg,0,,0,1776674850264,1
68c550ea000000000902a95e,1757761771000,福建,68a30732000000001b0351b7,[哭惹R],668bf5cd00000000030323f9,Aurora.,https://sns-avatar-qc.xhscdn.com/avatar/1040g2jo31v2m9fuj3q105pkbun6gu8vp9bbthio?imageView2/2/w/120/format/jpg,0,,0,1776674850279,0
68c54d1c000000003001c3cc,1757760796000,浙江,68a30732000000001b0351b7,逝者安息[合十R][合十R][合十R],5c9368bb00000000100179a5,Silent,https://sns-avatar-qc.xhscdn.com/avatar/1040g2jo31n4mg2e15i0g5n4jd2tk2ud5174a8t0?imageView2/2/w/120/format/jpg,0,,0,1776674850282,0
68c54cb3000000003000a945,1757760691000,山东,68a30732000000001b0351b7,晚安,633bffc1000000001202501a,Eleven,https://sns-avatar-qc.xhscdn.com/avatar/1040g2jo31t33qddula405oprvv0kkk0qus546a8?imageView2/2/w/120/format/jpg,0,,0,1776674850296,0
68c54c4a00000000300171ad,1757760587000,陕西,68a30732000000001b0351b7,是怎么做到身处危险不告诉大家 还给大家真能量的 但凡透露一点 anhei 势力是不是就不敢这么猖狂了,5d3d4770000000001100eb6d,拾荒者,https://sns-avatar-qc.xhscdn.com/avatar/1040g2jo31lbt0tl0kq005n9t8to49qrdepl1rao?imageView2/2/w/120/format/jpg,0,,0,1776674850302,6
68c54c44000000003000679e,1757760581000,江苏,68a30732000000001b0351b7,怎么现在才刷到,64b76a6a0000000014037ab3,万圣夜（见过王琳凯-备考版）,https://sns-avatar-qc.xhscdn.com/avatar/1040g2jo31r5pp9mj746g5p5nd9l56uljjtc37p8?imageView2/2/w/120/format/jpg,0,,0,1776674850316,0
68c54b3e000000003001bea2,1757760319000,河南,68a30732000000001b0351b7,🥹,5a840e6611be1021a6efc2be,Starry,https://sns-avatar-qc.xhscdn.com/avatar/1040g2jo314lmaj30lu004a1f9576dglurqloum8?imageView2/2/w/120/format/jpg,0,,0,1776674850319,0
